EVENT_ID,CZ_NAME_STR,BEGIN_LOCATION,BEGIN_DATE,BEGIN_TIME,EVENT_TYPE,MAGNITUDE,TOR_F_SCALE,DEATHS_DIRECT,INJURIES_DIRECT,DAMAGE_PROPERTY_NUM,DAMAGE_CROPS_NUM,STATE_ABBR,CZ_TIMEZONE,MAGNITUDE_TYPE,EPISODE_ID,CZ_TYPE,CZ_FIPS,WFO,INJURIES_INDIRECT,DEATHS_INDIRECT,SOURCE,FLOOD_CAUSE,TOR_LENGTH,TOR_WIDTH,BEGIN_RANGE,BEGIN_AZIMUTH,END_RANGE,END_AZIMUTH,END_LOCATION,END_DATE,END_TIME,BEGIN_LAT,BEGIN_LON,END_LAT,END_LON,EVENT_NARRATIVE,EPISODE_NARRATIVE,ABSOLUTE_ROWNUMBER
5583680,QUEENS CO.,LONG ISLAND EXPWY,07/03/1996,1520,Flash Flood, , ,0,0,0,0,NY,EST, ,2057013,C,81,OKX,0,0, , , , , , , , ,LONG ISLAND EXPWY,07/03/1996,1520, , , , ,,"Strong thunderstorms during late morning and again from late afternoon through early evening produced torrential rain that caused widespread flash flooding of low lying and poor drainage areas, small streams, and rivers. | Cars were trapped in flooding on the Long Island Expressway in Queens and the Northern State Parkway in Nassau Counties. In Rockland County, torrential rains forced the Mahwah River over its banks flooding parts of the New York State Thruway near Suffern. Serious road flooding was also reported along Richmond Parkway in Staten Island. | At around 6:00 pm EST, lightning set a roof on fire in New Rochelle in Southern Westchester County. No injuries or deaths were reported.",1
5583683,RICHMOND CO.,RICHMOND PKWY,07/03/1996,1840,Flash Flood, , ,0,0,0,0,NY,EST, ,2057013,C,85,OKX,0,0, , , , , , , , ,RICHMOND PKWY,07/03/1996,1840, , , , ,,"Strong thunderstorms during late morning and again from late afternoon through early evening produced torrential rain that caused widespread flash flooding of low lying and poor drainage areas, small streams, and rivers. | Cars were trapped in flooding on the Long Island Expressway in Queens and the Northern State Parkway in Nassau Counties. In Rockland County, torrential rains forced the Mahwah River over its banks flooding parts of the New York State Thruway near Suffern. Serious road flooding was also reported along Richmond Parkway in Staten Island. | At around 6:00 pm EST, lightning set a roof on fire in New Rochelle in Southern Westchester County. No injuries or deaths were reported.",2
5583752,NEW YORK CO.,NEW YORK,07/08/1996,1829,Flash Flood, , ,0,0,0,0,NY,EST, ,1031702,C,61,OKX,0,0, , , , , , , , ,NEW YORK,07/08/1996,1829, , , , ,,"Clusters of strong thunderstorms developed in a moist unstable airmass ahead of a slow moving cold front. | As thunderstorms moved east southeast at speeds averaging 20 MPH, they produced high winds, large hail and torrential rain. | Trees were knocked down and a building collapsed at the intersection of Jersey and Front Streets in Port Jervis of Orange County. In addition to the 1 inch diameter hail report from Stony Point, 3/4 inch diameter hail was also reported in Pomona in Rockland County. Winds that gusted to 75 MPH downed trees in Ossining in Westchester County. Serious flooding was reported along the Saw Mill River Parkway in Westchester County and across Southern New York County. A huge maple tree was downed about 1/2 mile north of the Sayville train station in Suffolk County.",3
5583915,KINGS CO.,BROOKLYN,07/13/1996,830,Flash Flood, , ,0,0,0,0,NY,EST, ,2057022,C,47,OKX,0,0, , , , , , , , ,BROOKLYN,07/13/1996,830, , , , ,,"As Tropical Storm Bertha moved northeast, passing east of Atlantic City, NJ around 11 am and over Long Island during the afternoon, it produced torrential rain and strong gusty winds.. | Torrential rain caused flooding of low lying and poor drainage areas, streams, and rivers across the area. The heaviest rain fell in a band to the northwest of Bertha's track over the Lower Hudson Valley. | Serious widespread flooding was reported along the Brooklyn Queens Expressway in Kings County and along the Long Island Expressway in Nassau County. | The Mahwah River at Suffern, NY in Rockland County rose above its' 4 foot flood stage from 11:30 am EST on July 13th through 10:15 am on July 14th. The crest stage was 5.75 feet at 1:15 pm on July 13th. The Saw Mill River in Westchester County also flooded. | Here are selected rainfall amounts: | For Orange County: from 3.26 inches at Ridgebury to 4.50 inches at Greenwood Lake. | For Rockland County: from 3.25 inches at West Nyack to 4.65 inches at Pomona. | For Westchester County: 3.09 inches was measured at Ossining. | For New York City: from 1.40 inches at LaGuardia Airport to 1.76 inches at Central Park. | For Nassau County: 1.80 inches was measured at Lynbrook and 1.82 inches at Levittown. | For Suffolk County: from 0.76 inches at East Quogue to 1.90 inches at West Islip. | No reports were available from Putnam County. | The highest wind speeds were along the immediate coast. Wind gusts measured from the local area airports ranged from 30 MPH at Farmingdale Airport to 44 MPH at LaGuardia Airport. The highest wind gusts reported by spotters were in Western Suffolk County, from 49 MPH at West Islip to 74 MPH at Babylon Village. This narrow band of peak wind gusts was validated by the radar wind velocity data.",4
5584006,RICHMOND CO.,RICHMONDTOWN,07/31/1996,1010,Flash Flood, , ,0,0,0,0,NY,EST, ,2057027,C,85,OKX,0,0, , , , , , , , ,RICHMONDTOWN,07/31/1996,1010, , , , ,,"Clusters of thunderstorms developed north of an approaching warm front in a moist unstable airmass. | As these thunderstorms moved northeast, they produced torrential rain. The axis of heaviest rainfall extended from Northeast Middlesex County, NJ northeast across Central Nassau County. From 2 to 5 inches of rain fell across this area during 3 hours from late morning through early afternoon. | The hardest hit counties were Richmond, Kings, Queens, Nassau, and Western Suffolk. | At Richmondtown, several houses were damaged in mudslides. | Across both Kings and Queens Counties, serious widespread flash flooding of roads occurred and numerous basements were flooded. | In Kings County, street and basement flooding occurred on Bay 11th street at Bath Beach. Water was up to the car doors along parts of the Belt Parkway at Sheepshead Bay. Additional widespread street and basement flooding occurred at Graves End. | In Nassau County, the same events occurred. Water was up to 2 feet deep in several streets at Long Beach, where several basements flooded. The Wantagh and Meadowbrook State Parkways were closed near East Meadow as well as Bellmore Ave. Widespread street flooding was also reported in Wantagh. | In Western Suffolk County, widespread street flooding was reported at Melville and West Islip. Water was up to 3 feet deep along some of the low-lying streets in Melville. | In Eastern Suffolk County, water was up to 2 feet deep along several streets in Southampton.",5
5584008,QUEENS CO.,COUNTYWIDE,07/31/1996,1012,Flash Flood, , ,0,0,0,0,NY,EST, ,2057027,C,81,OKX,0,0, , , , , , , , ,COUNTYWIDE,07/31/1996,1012, , , , ,,"Clusters of thunderstorms developed north of an approaching warm front in a moist unstable airmass. | As these thunderstorms moved northeast, they produced torrential rain. The axis of heaviest rainfall extended from Northeast Middlesex County, NJ northeast across Central Nassau County. From 2 to 5 inches of rain fell across this area during 3 hours from late morning through early afternoon. | The hardest hit counties were Richmond, Kings, Queens, Nassau, and Western Suffolk. | At Richmondtown, several houses were damaged in mudslides. | Across both Kings and Queens Counties, serious widespread flash flooding of roads occurred and numerous basements were flooded. | In Kings County, street and basement flooding occurred on Bay 11th street at Bath Beach. Water was up to the car doors along parts of the Belt Parkway at Sheepshead Bay. Additional widespread street and basement flooding occurred at Graves End. | In Nassau County, the same events occurred. Water was up to 2 feet deep in several streets at Long Beach, where several basements flooded. The Wantagh and Meadowbrook State Parkways were closed near East Meadow as well as Bellmore Ave. Widespread street flooding was also reported in Wantagh. | In Western Suffolk County, widespread street flooding was reported at Melville and West Islip. Water was up to 3 feet deep along some of the low-lying streets in Melville. | In Eastern Suffolk County, water was up to 2 feet deep along several streets in Southampton.",6
5584007,KINGS CO.,BATH BEACH,07/31/1996,1012,Flash Flood, , ,0,0,0,0,NY,EST, ,2057027,C,47,OKX,0,0, , , , , , , , ,BATH BEACH,07/31/1996,1030, , , , ,,"Clusters of thunderstorms developed north of an approaching warm front in a moist unstable airmass. | As these thunderstorms moved northeast, they produced torrential rain. The axis of heaviest rainfall extended from Northeast Middlesex County, NJ northeast across Central Nassau County. From 2 to 5 inches of rain fell across this area during 3 hours from late morning through early afternoon. | The hardest hit counties were Richmond, Kings, Queens, Nassau, and Western Suffolk. | At Richmondtown, several houses were damaged in mudslides. | Across both Kings and Queens Counties, serious widespread flash flooding of roads occurred and numerous basements were flooded. | In Kings County, street and basement flooding occurred on Bay 11th street at Bath Beach. Water was up to the car doors along parts of the Belt Parkway at Sheepshead Bay. Additional widespread street and basement flooding occurred at Graves End. | In Nassau County, the same events occurred. Water was up to 2 feet deep in several streets at Long Beach, where several basements flooded. The Wantagh and Meadowbrook State Parkways were closed near East Meadow as well as Bellmore Ave. Widespread street flooding was also reported in Wantagh. | In Western Suffolk County, widespread street flooding was reported at Melville and West Islip. Water was up to 3 feet deep along some of the low-lying streets in Melville. | In Eastern Suffolk County, water was up to 2 feet deep along several streets in Southampton.",7
5584010,KINGS CO.,COUNTYWIDE,07/31/1996,1100,Flash Flood, , ,0,0,0,0,NY,EST, ,2057027,C,47,OKX,0,0, , , , , , , , ,COUNTYWIDE,07/31/1996,1100, , , , ,,"Clusters of thunderstorms developed north of an approaching warm front in a moist unstable airmass. | As these thunderstorms moved northeast, they produced torrential rain. The axis of heaviest rainfall extended from Northeast Middlesex County, NJ northeast across Central Nassau County. From 2 to 5 inches of rain fell across this area during 3 hours from late morning through early afternoon. | The hardest hit counties were Richmond, Kings, Queens, Nassau, and Western Suffolk. | At Richmondtown, several houses were damaged in mudslides. | Across both Kings and Queens Counties, serious widespread flash flooding of roads occurred and numerous basements were flooded. | In Kings County, street and basement flooding occurred on Bay 11th street at Bath Beach. Water was up to the car doors along parts of the Belt Parkway at Sheepshead Bay. Additional widespread street and basement flooding occurred at Graves End. | In Nassau County, the same events occurred. Water was up to 2 feet deep in several streets at Long Beach, where several basements flooded. The Wantagh and Meadowbrook State Parkways were closed near East Meadow as well as Bellmore Ave. Widespread street flooding was also reported in Wantagh. | In Western Suffolk County, widespread street flooding was reported at Melville and West Islip. Water was up to 3 feet deep along some of the low-lying streets in Melville. | In Eastern Suffolk County, water was up to 2 feet deep along several streets in Southampton.",8
5584011,QUEENS CO.,COUNTYWIDE,07/31/1996,1100,Flash Flood, , ,0,0,0,0,NY,EST, ,2057027,C,81,OKX,0,0, , , , , , , , ,COUNTYWIDE,07/31/1996,1100, , , , ,,"Clusters of thunderstorms developed north of an approaching warm front in a moist unstable airmass. | As these thunderstorms moved northeast, they produced torrential rain. The axis of heaviest rainfall extended from Northeast Middlesex County, NJ northeast across Central Nassau County. From 2 to 5 inches of rain fell across this area during 3 hours from late morning through early afternoon. | The hardest hit counties were Richmond, Kings, Queens, Nassau, and Western Suffolk. | At Richmondtown, several houses were damaged in mudslides. | Across both Kings and Queens Counties, serious widespread flash flooding of roads occurred and numerous basements were flooded. | In Kings County, street and basement flooding occurred on Bay 11th street at Bath Beach. Water was up to the car doors along parts of the Belt Parkway at Sheepshead Bay. Additional widespread street and basement flooding occurred at Graves End. | In Nassau County, the same events occurred. Water was up to 2 feet deep in several streets at Long Beach, where several basements flooded. The Wantagh and Meadowbrook State Parkways were closed near East Meadow as well as Bellmore Ave. Widespread street flooding was also reported in Wantagh. | In Western Suffolk County, widespread street flooding was reported at Melville and West Islip. Water was up to 3 feet deep along some of the low-lying streets in Melville. | In Eastern Suffolk County, water was up to 2 feet deep along several streets in Southampton.",9
5584159,RICHMOND CO.,RICHMOND,09/08/1996,1500,Flash Flood, , ,0,0,0,0,NY,EST, ,2057039,C,85,OKX,0,0, , , , , , , , ,RICHMOND,09/08/1996,1500, , , , ,,"Thunderstorms produced torrential rain that caused significant flash flooding of low lying and poor drainage areas, including many streets. A few thunderstorms produced high winds that knocked down trees in Port Jervis and power lines in Richmond.",10
5584162,BRONX CO.,BRONX,09/08/1996,1500,Flash Flood, , ,0,0,0,0,NY,EST, ,2057039,C,5,OKX,0,0, , , , , , , , ,BRONX,09/08/1996,1500, , , , ,,"Thunderstorms produced torrential rain that caused significant flash flooding of low lying and poor drainage areas, including many streets. A few thunderstorms produced high winds that knocked down trees in Port Jervis and power lines in Richmond.",11
5584161,KINGS CO.,SOUTHERN BROOKLYN,09/08/1996,1500,Flash Flood, , ,0,0,0,0,NY,EST, ,2057039,C,47,OKX,0,0, , , , , , , , ,SOUTHERN BROOKLYN,09/08/1996,1500, , , , ,,"Thunderstorms produced torrential rain that caused significant flash flooding of low lying and poor drainage areas, including many streets. A few thunderstorms produced high winds that knocked down trees in Port Jervis and power lines in Richmond.",12
5582288,KINGS CO.,BROOKLYN,10/19/1996,1230,Flash Flood, , ,0,0,0,0,NY,EST, ,2057098,C,47,OKX,0,0, , , , , , , , ,BROOKLYN,10/19/1996,1230, , , , ,,"On Friday October 18th, a strong low pressure system developed on a cold front over the DelMarVa Peninsula. With a high pressure system in place across Northern New England, the low slowly intensified and moved slowly off the Southern New Jersey Coast during Saturday October 19th. | The increasing difference in pressures caused strong and gusty east winds, which also transported abundant moisture from the Atlantic Ocean across the region. Heavy flood producing rains along with minor to major coastal flooding occurred. | Rain began during the early morning on the 19th and ended shortly after midnight on the 20th. Three to five inches of rain fell, with isolated higher amounts. | Heavy rain caused serious widespread street and poor drainage flooding: Rte. 218 between Cornwall and Highland Falls (Orange County) was closed due to flooding. In Westchester County, flooding caused the closures of the Hutchinson River Parkway between Wolfs Lane and East 3rd Street and the Bronx River Parkway between Sprain Brook Parkway and Scarsdale Road. Serious street flooding was reported on many other roads including South Street (around the South Street Seaport) in Manhattan, the Belt Parkway in Kings County and the Long Island Expressway along Nassau and Suffolk Counties. | Heavy rain also caused river flooding: The Mahwah River at Suffern was above its' 4 foot flood stage from 8:30 pm on the 19th through 6:30 pm on the 20th. Its' crest stage was 5.22 feet at 4:30 am on the 20th. | | In Queens, while a plane was landing in heavy rain and strong gusty winds, it hit some approach lights on the side of the runway. After that, the nosegear collapsed and it started to skid and came to a stop at the east end of the airport. Four of 63 people on Delta Flight 554 suffered minor injuries while they evacuated the plane. Flushing and Springfield Gardens, two low-lying areas with inadequate drainage systems were particularly hit hard by heavy rains. Serious flooding of basements and first floors caused damaged to 226 homes in Flushing and 70 homes in Springfield Gardens. Numerous cars were also damaged in flood waters. | Here are selected rainfall amounts for: | New York City: from 3.10 inches at Kennedy Airport to 4.78 inches in Northeast Flushing. At Central Park, 4.35 inches was measured, which set a new daily record. | Orange County: from 2.07 inches at Walden to 3.52 inches at Port Jervis. | Rockland County: from 2.94 inches at West Nyack to 4.66 inches at Suffern. | Westchester County: from 2.37 inches at Ossining to 4.98 inches at Dobbs Ferry. | Nassau County: from 1.66 inches at Levittown to 4.90 inches at Lynbrook. | Suffolk County: from 2.10 inches at Farmingdale Airport to 5.86 inches at Riverhead.",13
5582286,QUEENS CO.,COUNTYWIDE,10/19/1996,1300,Flash Flood, , ,0,0,3600000,0,NY,EST, ,2057098,C,81,OKX,0,0, , , , , , , , ,COUNTYWIDE,10/19/1996,2359, , , , ,,"On Friday October 18th, a strong low pressure system developed on a cold front over the DelMarVa Peninsula. With a high pressure system in place across Northern New England, the low slowly intensified and moved slowly off the Southern New Jersey Coast during Saturday October 19th. | The increasing difference in pressures caused strong and gusty east winds, which also transported abundant moisture from the Atlantic Ocean across the region. Heavy flood producing rains along with minor to major coastal flooding occurred. | Rain began during the early morning on the 19th and ended shortly after midnight on the 20th. Three to five inches of rain fell, with isolated higher amounts. | Heavy rain caused serious widespread street and poor drainage flooding: Rte. 218 between Cornwall and Highland Falls (Orange County) was closed due to flooding. In Westchester County, flooding caused the closures of the Hutchinson River Parkway between Wolfs Lane and East 3rd Street and the Bronx River Parkway between Sprain Brook Parkway and Scarsdale Road. Serious street flooding was reported on many other roads including South Street (around the South Street Seaport) in Manhattan, the Belt Parkway in Kings County and the Long Island Expressway along Nassau and Suffolk Counties. | Heavy rain also caused river flooding: The Mahwah River at Suffern was above its' 4 foot flood stage from 8:30 pm on the 19th through 6:30 pm on the 20th. Its' crest stage was 5.22 feet at 4:30 am on the 20th. | | In Queens, while a plane was landing in heavy rain and strong gusty winds, it hit some approach lights on the side of the runway. After that, the nosegear collapsed and it started to skid and came to a stop at the east end of the airport. Four of 63 people on Delta Flight 554 suffered minor injuries while they evacuated the plane. Flushing and Springfield Gardens, two low-lying areas with inadequate drainage systems were particularly hit hard by heavy rains. Serious flooding of basements and first floors caused damaged to 226 homes in Flushing and 70 homes in Springfield Gardens. Numerous cars were also damaged in flood waters. | Here are selected rainfall amounts for: | New York City: from 3.10 inches at Kennedy Airport to 4.78 inches in Northeast Flushing. At Central Park, 4.35 inches was measured, which set a new daily record. | Orange County: from 2.07 inches at Walden to 3.52 inches at Port Jervis. | Rockland County: from 2.94 inches at West Nyack to 4.66 inches at Suffern. | Westchester County: from 2.37 inches at Ossining to 4.98 inches at Dobbs Ferry. | Nassau County: from 1.66 inches at Levittown to 4.90 inches at Lynbrook. | Suffolk County: from 2.10 inches at Farmingdale Airport to 5.86 inches at Riverhead.",14
5582284,RICHMOND CO.,COUNTYWIDE,10/19/1996,1310,Flash Flood, , ,0,0,0,0,NY,EST, ,2057098,C,85,OKX,0,0, , , , , , , , ,COUNTYWIDE,10/19/1996,1900, , , , ,,"On Friday October 18th, a strong low pressure system developed on a cold front over the DelMarVa Peninsula. With a high pressure system in place across Northern New England, the low slowly intensified and moved slowly off the Southern New Jersey Coast during Saturday October 19th. | The increasing difference in pressures caused strong and gusty east winds, which also transported abundant moisture from the Atlantic Ocean across the region. Heavy flood producing rains along with minor to major coastal flooding occurred. | Rain began during the early morning on the 19th and ended shortly after midnight on the 20th. Three to five inches of rain fell, with isolated higher amounts. | Heavy rain caused serious widespread street and poor drainage flooding: Rte. 218 between Cornwall and Highland Falls (Orange County) was closed due to flooding. In Westchester County, flooding caused the closures of the Hutchinson River Parkway between Wolfs Lane and East 3rd Street and the Bronx River Parkway between Sprain Brook Parkway and Scarsdale Road. Serious street flooding was reported on many other roads including South Street (around the South Street Seaport) in Manhattan, the Belt Parkway in Kings County and the Long Island Expressway along Nassau and Suffolk Counties. | Heavy rain also caused river flooding: The Mahwah River at Suffern was above its' 4 foot flood stage from 8:30 pm on the 19th through 6:30 pm on the 20th. Its' crest stage was 5.22 feet at 4:30 am on the 20th. | | In Queens, while a plane was landing in heavy rain and strong gusty winds, it hit some approach lights on the side of the runway. After that, the nosegear collapsed and it started to skid and came to a stop at the east end of the airport. Four of 63 people on Delta Flight 554 suffered minor injuries while they evacuated the plane. Flushing and Springfield Gardens, two low-lying areas with inadequate drainage systems were particularly hit hard by heavy rains. Serious flooding of basements and first floors caused damaged to 226 homes in Flushing and 70 homes in Springfield Gardens. Numerous cars were also damaged in flood waters. | Here are selected rainfall amounts for: | New York City: from 3.10 inches at Kennedy Airport to 4.78 inches in Northeast Flushing. At Central Park, 4.35 inches was measured, which set a new daily record. | Orange County: from 2.07 inches at Walden to 3.52 inches at Port Jervis. | Rockland County: from 2.94 inches at West Nyack to 4.66 inches at Suffern. | Westchester County: from 2.37 inches at Ossining to 4.98 inches at Dobbs Ferry. | Nassau County: from 1.66 inches at Levittown to 4.90 inches at Lynbrook. | Suffolk County: from 2.10 inches at Farmingdale Airport to 5.86 inches at Riverhead.",15
5582283,BRONX CO.,RIVERDALE,10/19/1996,1330,Flash Flood, , ,0,0,0,0,NY,EST, ,2057098,C,5,OKX,0,0, , , , , , , , ,RIVERDALE,10/19/1996,1330, , , , ,,"On Friday October 18th, a strong low pressure system developed on a cold front over the DelMarVa Peninsula. With a high pressure system in place across Northern New England, the low slowly intensified and moved slowly off the Southern New Jersey Coast during Saturday October 19th. | The increasing difference in pressures caused strong and gusty east winds, which also transported abundant moisture from the Atlantic Ocean across the region. Heavy flood producing rains along with minor to major coastal flooding occurred. | Rain began during the early morning on the 19th and ended shortly after midnight on the 20th. Three to five inches of rain fell, with isolated higher amounts. | Heavy rain caused serious widespread street and poor drainage flooding: Rte. 218 between Cornwall and Highland Falls (Orange County) was closed due to flooding. In Westchester County, flooding caused the closures of the Hutchinson River Parkway between Wolfs Lane and East 3rd Street and the Bronx River Parkway between Sprain Brook Parkway and Scarsdale Road. Serious street flooding was reported on many other roads including South Street (around the South Street Seaport) in Manhattan, the Belt Parkway in Kings County and the Long Island Expressway along Nassau and Suffolk Counties. | Heavy rain also caused river flooding: The Mahwah River at Suffern was above its' 4 foot flood stage from 8:30 pm on the 19th through 6:30 pm on the 20th. Its' crest stage was 5.22 feet at 4:30 am on the 20th. | | In Queens, while a plane was landing in heavy rain and strong gusty winds, it hit some approach lights on the side of the runway. After that, the nosegear collapsed and it started to skid and came to a stop at the east end of the airport. Four of 63 people on Delta Flight 554 suffered minor injuries while they evacuated the plane. Flushing and Springfield Gardens, two low-lying areas with inadequate drainage systems were particularly hit hard by heavy rains. Serious flooding of basements and first floors caused damaged to 226 homes in Flushing and 70 homes in Springfield Gardens. Numerous cars were also damaged in flood waters. | Here are selected rainfall amounts for: | New York City: from 3.10 inches at Kennedy Airport to 4.78 inches in Northeast Flushing. At Central Park, 4.35 inches was measured, which set a new daily record. | Orange County: from 2.07 inches at Walden to 3.52 inches at Port Jervis. | Rockland County: from 2.94 inches at West Nyack to 4.66 inches at Suffern. | Westchester County: from 2.37 inches at Ossining to 4.98 inches at Dobbs Ferry. | Nassau County: from 1.66 inches at Levittown to 4.90 inches at Lynbrook. | Suffolk County: from 2.10 inches at Farmingdale Airport to 5.86 inches at Riverhead.",16
5582282,NEW YORK CO.,NEW YORK,10/19/1996,1410,Flash Flood, , ,0,0,0,0,NY,EST, ,2057098,C,61,OKX,0,0, , , , , , , , ,NEW YORK,10/19/1996,1530, , , , ,,"On Friday October 18th, a strong low pressure system developed on a cold front over the DelMarVa Peninsula. With a high pressure system in place across Northern New England, the low slowly intensified and moved slowly off the Southern New Jersey Coast during Saturday October 19th. | The increasing difference in pressures caused strong and gusty east winds, which also transported abundant moisture from the Atlantic Ocean across the region. Heavy flood producing rains along with minor to major coastal flooding occurred. | Rain began during the early morning on the 19th and ended shortly after midnight on the 20th. Three to five inches of rain fell, with isolated higher amounts. | Heavy rain caused serious widespread street and poor drainage flooding: Rte. 218 between Cornwall and Highland Falls (Orange County) was closed due to flooding. In Westchester County, flooding caused the closures of the Hutchinson River Parkway between Wolfs Lane and East 3rd Street and the Bronx River Parkway between Sprain Brook Parkway and Scarsdale Road. Serious street flooding was reported on many other roads including South Street (around the South Street Seaport) in Manhattan, the Belt Parkway in Kings County and the Long Island Expressway along Nassau and Suffolk Counties. | Heavy rain also caused river flooding: The Mahwah River at Suffern was above its' 4 foot flood stage from 8:30 pm on the 19th through 6:30 pm on the 20th. Its' crest stage was 5.22 feet at 4:30 am on the 20th. | | In Queens, while a plane was landing in heavy rain and strong gusty winds, it hit some approach lights on the side of the runway. After that, the nosegear collapsed and it started to skid and came to a stop at the east end of the airport. Four of 63 people on Delta Flight 554 suffered minor injuries while they evacuated the plane. Flushing and Springfield Gardens, two low-lying areas with inadequate drainage systems were particularly hit hard by heavy rains. Serious flooding of basements and first floors caused damaged to 226 homes in Flushing and 70 homes in Springfield Gardens. Numerous cars were also damaged in flood waters. | Here are selected rainfall amounts for: | New York City: from 3.10 inches at Kennedy Airport to 4.78 inches in Northeast Flushing. At Central Park, 4.35 inches was measured, which set a new daily record. | Orange County: from 2.07 inches at Walden to 3.52 inches at Port Jervis. | Rockland County: from 2.94 inches at West Nyack to 4.66 inches at Suffern. | Westchester County: from 2.37 inches at Ossining to 4.98 inches at Dobbs Ferry. | Nassau County: from 1.66 inches at Levittown to 4.90 inches at Lynbrook. | Suffolk County: from 2.10 inches at Farmingdale Airport to 5.86 inches at Riverhead.",17
5582279,NEW YORK CO.,COUNTYWIDE,10/19/1996,1540,Flash Flood, , ,0,0,0,0,NY,EST, ,2057098,C,61,OKX,0,0, , , , , , , , ,COUNTYWIDE,10/19/1996,2000, , , , ,,"On Friday October 18th, a strong low pressure system developed on a cold front over the DelMarVa Peninsula. With a high pressure system in place across Northern New England, the low slowly intensified and moved slowly off the Southern New Jersey Coast during Saturday October 19th. | The increasing difference in pressures caused strong and gusty east winds, which also transported abundant moisture from the Atlantic Ocean across the region. Heavy flood producing rains along with minor to major coastal flooding occurred. | Rain began during the early morning on the 19th and ended shortly after midnight on the 20th. Three to five inches of rain fell, with isolated higher amounts. | Heavy rain caused serious widespread street and poor drainage flooding: Rte. 218 between Cornwall and Highland Falls (Orange County) was closed due to flooding. In Westchester County, flooding caused the closures of the Hutchinson River Parkway between Wolfs Lane and East 3rd Street and the Bronx River Parkway between Sprain Brook Parkway and Scarsdale Road. Serious street flooding was reported on many other roads including South Street (around the South Street Seaport) in Manhattan, the Belt Parkway in Kings County and the Long Island Expressway along Nassau and Suffolk Counties. | Heavy rain also caused river flooding: The Mahwah River at Suffern was above its' 4 foot flood stage from 8:30 pm on the 19th through 6:30 pm on the 20th. Its' crest stage was 5.22 feet at 4:30 am on the 20th. | | In Queens, while a plane was landing in heavy rain and strong gusty winds, it hit some approach lights on the side of the runway. After that, the nosegear collapsed and it started to skid and came to a stop at the east end of the airport. Four of 63 people on Delta Flight 554 suffered minor injuries while they evacuated the plane. Flushing and Springfield Gardens, two low-lying areas with inadequate drainage systems were particularly hit hard by heavy rains. Serious flooding of basements and first floors caused damaged to 226 homes in Flushing and 70 homes in Springfield Gardens. Numerous cars were also damaged in flood waters. | Here are selected rainfall amounts for: | New York City: from 3.10 inches at Kennedy Airport to 4.78 inches in Northeast Flushing. At Central Park, 4.35 inches was measured, which set a new daily record. | Orange County: from 2.07 inches at Walden to 3.52 inches at Port Jervis. | Rockland County: from 2.94 inches at West Nyack to 4.66 inches at Suffern. | Westchester County: from 2.37 inches at Ossining to 4.98 inches at Dobbs Ferry. | Nassau County: from 1.66 inches at Levittown to 4.90 inches at Lynbrook. | Suffolk County: from 2.10 inches at Farmingdale Airport to 5.86 inches at Riverhead.",18
5582281,BRONX CO.,COUNTYWIDE,10/19/1996,1540,Flash Flood, , ,0,0,0,0,NY,EST, ,2057098,C,5,OKX,0,0, , , , , , , , ,COUNTYWIDE,10/19/1996,1540, , , , ,,"On Friday October 18th, a strong low pressure system developed on a cold front over the DelMarVa Peninsula. With a high pressure system in place across Northern New England, the low slowly intensified and moved slowly off the Southern New Jersey Coast during Saturday October 19th. | The increasing difference in pressures caused strong and gusty east winds, which also transported abundant moisture from the Atlantic Ocean across the region. Heavy flood producing rains along with minor to major coastal flooding occurred. | Rain began during the early morning on the 19th and ended shortly after midnight on the 20th. Three to five inches of rain fell, with isolated higher amounts. | Heavy rain caused serious widespread street and poor drainage flooding: Rte. 218 between Cornwall and Highland Falls (Orange County) was closed due to flooding. In Westchester County, flooding caused the closures of the Hutchinson River Parkway between Wolfs Lane and East 3rd Street and the Bronx River Parkway between Sprain Brook Parkway and Scarsdale Road. Serious street flooding was reported on many other roads including South Street (around the South Street Seaport) in Manhattan, the Belt Parkway in Kings County and the Long Island Expressway along Nassau and Suffolk Counties. | Heavy rain also caused river flooding: The Mahwah River at Suffern was above its' 4 foot flood stage from 8:30 pm on the 19th through 6:30 pm on the 20th. Its' crest stage was 5.22 feet at 4:30 am on the 20th. | | In Queens, while a plane was landing in heavy rain and strong gusty winds, it hit some approach lights on the side of the runway. After that, the nosegear collapsed and it started to skid and came to a stop at the east end of the airport. Four of 63 people on Delta Flight 554 suffered minor injuries while they evacuated the plane. Flushing and Springfield Gardens, two low-lying areas with inadequate drainage systems were particularly hit hard by heavy rains. Serious flooding of basements and first floors caused damaged to 226 homes in Flushing and 70 homes in Springfield Gardens. Numerous cars were also damaged in flood waters. | Here are selected rainfall amounts for: | New York City: from 3.10 inches at Kennedy Airport to 4.78 inches in Northeast Flushing. At Central Park, 4.35 inches was measured, which set a new daily record. | Orange County: from 2.07 inches at Walden to 3.52 inches at Port Jervis. | Rockland County: from 2.94 inches at West Nyack to 4.66 inches at Suffern. | Westchester County: from 2.37 inches at Ossining to 4.98 inches at Dobbs Ferry. | Nassau County: from 1.66 inches at Levittown to 4.90 inches at Lynbrook. | Suffolk County: from 2.10 inches at Farmingdale Airport to 5.86 inches at Riverhead.",19
5582280,KINGS CO.,COUNTYWIDE,10/19/1996,1540,Flash Flood, , ,0,0,1500000,0,NY,EST, ,2057098,C,47,OKX,0,0, , , , , , , , ,COUNTYWIDE,10/19/1996,2000, , , , ,,"On Friday October 18th, a strong low pressure system developed on a cold front over the DelMarVa Peninsula. With a high pressure system in place across Northern New England, the low slowly intensified and moved slowly off the Southern New Jersey Coast during Saturday October 19th. | The increasing difference in pressures caused strong and gusty east winds, which also transported abundant moisture from the Atlantic Ocean across the region. Heavy flood producing rains along with minor to major coastal flooding occurred. | Rain began during the early morning on the 19th and ended shortly after midnight on the 20th. Three to five inches of rain fell, with isolated higher amounts. | Heavy rain caused serious widespread street and poor drainage flooding: Rte. 218 between Cornwall and Highland Falls (Orange County) was closed due to flooding. In Westchester County, flooding caused the closures of the Hutchinson River Parkway between Wolfs Lane and East 3rd Street and the Bronx River Parkway between Sprain Brook Parkway and Scarsdale Road. Serious street flooding was reported on many other roads including South Street (around the South Street Seaport) in Manhattan, the Belt Parkway in Kings County and the Long Island Expressway along Nassau and Suffolk Counties. | Heavy rain also caused river flooding: The Mahwah River at Suffern was above its' 4 foot flood stage from 8:30 pm on the 19th through 6:30 pm on the 20th. Its' crest stage was 5.22 feet at 4:30 am on the 20th. | | In Queens, while a plane was landing in heavy rain and strong gusty winds, it hit some approach lights on the side of the runway. After that, the nosegear collapsed and it started to skid and came to a stop at the east end of the airport. Four of 63 people on Delta Flight 554 suffered minor injuries while they evacuated the plane. Flushing and Springfield Gardens, two low-lying areas with inadequate drainage systems were particularly hit hard by heavy rains. Serious flooding of basements and first floors caused damaged to 226 homes in Flushing and 70 homes in Springfield Gardens. Numerous cars were also damaged in flood waters. | Here are selected rainfall amounts for: | New York City: from 3.10 inches at Kennedy Airport to 4.78 inches in Northeast Flushing. At Central Park, 4.35 inches was measured, which set a new daily record. | Orange County: from 2.07 inches at Walden to 3.52 inches at Port Jervis. | Rockland County: from 2.94 inches at West Nyack to 4.66 inches at Suffern. | Westchester County: from 2.37 inches at Ossining to 4.98 inches at Dobbs Ferry. | Nassau County: from 1.66 inches at Levittown to 4.90 inches at Lynbrook. | Suffolk County: from 2.10 inches at Farmingdale Airport to 5.86 inches at Riverhead.",20
5610407,QUEENS CO.,LAGUARDIA AIRPORT,07/15/1997,1900,Flash Flood, , ,0,0,0,0,NY,EST, ,2067396,C,81,OKX,0,0, , , , , , , , ,LAGUARDIA AIRPORT,07/15/1997,1900, , , , ,,"Clusters of slow moving thunderstorms, some severe, moved slowly east-southeast over the local area. | They produced high winds and torrential rain. | In Westchester County, a microburst occurred. Trees were downed in a circular pattern, about 1/4 mile in diameter around Corley Street. High winds also caused a tree to fall through a skylight in Pleasantville. | In Queens County, several wind gusts above 57 mph was measured at LaGuardia Airport. The peak gust was 81 mph, recorded at 718pm. A roof was blown off a house in East Queens at 19-32 43rd Street. In addition, torrential rain caused widespread flash flooding. At LaGuardia Airport, 2.44 inches of rain was measured in 1 hour with a total of 3.40 inches in less than 3 hours. The airport was forced to close due to widespread flooding of its' runways. | In Bronx County, high winds downed trees and powerlines at I-95 and Pelham Parkway. Lightning struck Con Edison Transformers in East Tremont and at the intersection of Pennyfield and Harding Avenues.",21
5623589,RICHMOND CO.,COUNTYWIDE,11/02/1997,1400,Flash Flood, , ,0,0,0,0,NY,EST, ,2071920,C,85,OKX,0,0, , , , , , , , ,COUNTYWIDE,11/02/1997,1500, , , , ,,"A line of heavy showers with thunderstorms produced from 1 to 2 inches of rain in 1 hour. This rainfall was preceded by a 1 to 2 inch rainfall during the past 24 hours. | Water rapidly accumulated to a depth up to 4 feet in low-lying and poor drainage areas, stranding many motorists and flooding basements. Some people had to be rescued by police scuba divers using a rubber raft after the rain submerged half their car on Arthur Kill Road in Greenridge.",22
5658650,RICHMOND CO.,COUNTYWIDE,06/13/1998,1045,Flash Flood, , ,0,0,0,0,NY,EST, ,2082396,C,85,OKX,0,0,NEWSPAPER, , , , , , , ,COUNTYWIDE,06/13/1998,1045, , , , ,,"Preceded by a steady light to occasionally moderate rainfall, a line of thunderstorms developed and moved east over the area. Thunderstorms produced torrential flash flooding rains and frequent lightning. | Torrential rains resulted in widespread serious flooding of streets, poor drainage and low-lying areas, home basements, and small streams. Lightning struck many homes and ignited fires that damaged them. | In Suffolk County, rivers of moving water formed rapidly on streets. In Lindenhurst, waves were actually visible on Sunrise Highway. Up to 3 feet of water also inundated streets in Babylon on Sunrise Highway. In Mastic, water rapidly flowed from Montauk highway into a residential area and flooded basements and first floors of houses. In Westchester County, small streams overflowed their banks and caused serious street flooding from Scarsdale to Mamaroneck. | In Nassau County, lightning: | o Hit a drain pipe, igniting the vinyl siding behind the pipe at 961 Crestview Ave. in North Woodmere. Another house was struck by lightning on Hook Street in North Woodmere. | o Struck an air conditioning unit in the roof above the front door of the extended wood home at 1725 Huntley Place in Hewlett. The resulting flames spread throughout the home and seriously damaged all 7 rooms. | o Struck the slate roof of a residence at 98 Oxford Road in Lawrence. Lightning caused a major fire in the attic, which devastated most of the home. | o Struck two houses in Long Beach. One stroke knocked off a chunk of stucco and another hit the peak of the roof. | o Hit several houses and caused significant damage in the Point-Lookout-Lido area. At one house, the chimney was hit and it just exploded. | o Hit a house in Great Neck. | In Suffolk County, lightning struck the television antenna and travelled to the attic where it ignited a fire at Zophar Mills Road in Wading River.",23
5658641,KINGS CO.,COUNTYWIDE,06/13/1998,1050,Flash Flood, , ,0,0,0,0,NY,EST, ,2082396,C,47,OKX,0,0,TRAINED SPOTTER, , , , , , , ,COUNTYWIDE,06/13/1998,1050, , , , ,,"Preceded by a steady light to occasionally moderate rainfall, a line of thunderstorms developed and moved east over the area. Thunderstorms produced torrential flash flooding rains and frequent lightning. | Torrential rains resulted in widespread serious flooding of streets, poor drainage and low-lying areas, home basements, and small streams. Lightning struck many homes and ignited fires that damaged them. | In Suffolk County, rivers of moving water formed rapidly on streets. In Lindenhurst, waves were actually visible on Sunrise Highway. Up to 3 feet of water also inundated streets in Babylon on Sunrise Highway. In Mastic, water rapidly flowed from Montauk highway into a residential area and flooded basements and first floors of houses. In Westchester County, small streams overflowed their banks and caused serious street flooding from Scarsdale to Mamaroneck. | In Nassau County, lightning: | o Hit a drain pipe, igniting the vinyl siding behind the pipe at 961 Crestview Ave. in North Woodmere. Another house was struck by lightning on Hook Street in North Woodmere. | o Struck an air conditioning unit in the roof above the front door of the extended wood home at 1725 Huntley Place in Hewlett. The resulting flames spread throughout the home and seriously damaged all 7 rooms. | o Struck the slate roof of a residence at 98 Oxford Road in Lawrence. Lightning caused a major fire in the attic, which devastated most of the home. | o Struck two houses in Long Beach. One stroke knocked off a chunk of stucco and another hit the peak of the roof. | o Hit several houses and caused significant damage in the Point-Lookout-Lido area. At one house, the chimney was hit and it just exploded. | o Hit a house in Great Neck. | In Suffolk County, lightning struck the television antenna and travelled to the attic where it ignited a fire at Zophar Mills Road in Wading River.",24
5658642,BRONX CO.,COUNTYWIDE,06/13/1998,1055,Flash Flood, , ,0,0,0,0,NY,EST, ,2082396,C,5,OKX,0,0,TRAINED SPOTTER, , , , , , , ,COUNTYWIDE,06/13/1998,1055, , , , ,,"Preceded by a steady light to occasionally moderate rainfall, a line of thunderstorms developed and moved east over the area. Thunderstorms produced torrential flash flooding rains and frequent lightning. | Torrential rains resulted in widespread serious flooding of streets, poor drainage and low-lying areas, home basements, and small streams. Lightning struck many homes and ignited fires that damaged them. | In Suffolk County, rivers of moving water formed rapidly on streets. In Lindenhurst, waves were actually visible on Sunrise Highway. Up to 3 feet of water also inundated streets in Babylon on Sunrise Highway. In Mastic, water rapidly flowed from Montauk highway into a residential area and flooded basements and first floors of houses. In Westchester County, small streams overflowed their banks and caused serious street flooding from Scarsdale to Mamaroneck. | In Nassau County, lightning: | o Hit a drain pipe, igniting the vinyl siding behind the pipe at 961 Crestview Ave. in North Woodmere. Another house was struck by lightning on Hook Street in North Woodmere. | o Struck an air conditioning unit in the roof above the front door of the extended wood home at 1725 Huntley Place in Hewlett. The resulting flames spread throughout the home and seriously damaged all 7 rooms. | o Struck the slate roof of a residence at 98 Oxford Road in Lawrence. Lightning caused a major fire in the attic, which devastated most of the home. | o Struck two houses in Long Beach. One stroke knocked off a chunk of stucco and another hit the peak of the roof. | o Hit several houses and caused significant damage in the Point-Lookout-Lido area. At one house, the chimney was hit and it just exploded. | o Hit a house in Great Neck. | In Suffolk County, lightning struck the television antenna and travelled to the attic where it ignited a fire at Zophar Mills Road in Wading River.",25
5658643,NEW YORK CO.,COUNTYWIDE,06/13/1998,1120,Flash Flood, , ,0,0,0,0,NY,EST, ,2082396,C,61,OKX,0,0,TRAINED SPOTTER, , , , , , , ,COUNTYWIDE,06/13/1998,1120, , , , ,,"Preceded by a steady light to occasionally moderate rainfall, a line of thunderstorms developed and moved east over the area. Thunderstorms produced torrential flash flooding rains and frequent lightning. | Torrential rains resulted in widespread serious flooding of streets, poor drainage and low-lying areas, home basements, and small streams. Lightning struck many homes and ignited fires that damaged them. | In Suffolk County, rivers of moving water formed rapidly on streets. In Lindenhurst, waves were actually visible on Sunrise Highway. Up to 3 feet of water also inundated streets in Babylon on Sunrise Highway. In Mastic, water rapidly flowed from Montauk highway into a residential area and flooded basements and first floors of houses. In Westchester County, small streams overflowed their banks and caused serious street flooding from Scarsdale to Mamaroneck. | In Nassau County, lightning: | o Hit a drain pipe, igniting the vinyl siding behind the pipe at 961 Crestview Ave. in North Woodmere. Another house was struck by lightning on Hook Street in North Woodmere. | o Struck an air conditioning unit in the roof above the front door of the extended wood home at 1725 Huntley Place in Hewlett. The resulting flames spread throughout the home and seriously damaged all 7 rooms. | o Struck the slate roof of a residence at 98 Oxford Road in Lawrence. Lightning caused a major fire in the attic, which devastated most of the home. | o Struck two houses in Long Beach. One stroke knocked off a chunk of stucco and another hit the peak of the roof. | o Hit several houses and caused significant damage in the Point-Lookout-Lido area. At one house, the chimney was hit and it just exploded. | o Hit a house in Great Neck. | In Suffolk County, lightning struck the television antenna and travelled to the attic where it ignited a fire at Zophar Mills Road in Wading River.",26
5660637,RICHMOND CO.,NORTHWEST PORTION,08/17/1998,1400,Flash Flood, , ,0,0,0,0,NY,EST, ,2083240,C,85,OKX,0,0,TRAINED SPOTTER, , , , , , , ,NORTHWEST PORTION,08/17/1998,1400, , , , ,,"As thunderstorms moved over the same area, they produced heavy rain for long periods of time. | The heaviest rain, which fell in a band from Northern Richmond County northeast across New York County and extreme Southern Westchester County, caused widespread flooding of streets (such as the Hutchinson River Parkway in Westchester and Bronx Counties and FDR Drive in New York County), low-lying, and poor drainage areas. | Rain fell at rates up to around 2 inches per hour. At LaGuardia Airport, 3.54 inches of rain fell and at Central Park, 2.38 inches was measured.",27
5660641,QUEENS CO.,NORTHWEST PORTION,08/17/1998,1400,Flash Flood, , ,0,0,0,0,NY,EST, ,2083240,C,81,OKX,0,0,TRAINED SPOTTER, , , , , , , ,NORTHWEST PORTION,08/17/1998,1400, , , , ,,"As thunderstorms moved over the same area, they produced heavy rain for long periods of time. | The heaviest rain, which fell in a band from Northern Richmond County northeast across New York County and extreme Southern Westchester County, caused widespread flooding of streets (such as the Hutchinson River Parkway in Westchester and Bronx Counties and FDR Drive in New York County), low-lying, and poor drainage areas. | Rain fell at rates up to around 2 inches per hour. At LaGuardia Airport, 3.54 inches of rain fell and at Central Park, 2.38 inches was measured.",28
5660638,NEW YORK CO.,COUNTYWIDE,08/17/1998,1400,Flash Flood, , ,0,0,0,0,NY,EST, ,2083240,C,61,OKX,0,0,TRAINED SPOTTER, , , , , , , ,COUNTYWIDE,08/17/1998,1400, , , , ,,"As thunderstorms moved over the same area, they produced heavy rain for long periods of time. | The heaviest rain, which fell in a band from Northern Richmond County northeast across New York County and extreme Southern Westchester County, caused widespread flooding of streets (such as the Hutchinson River Parkway in Westchester and Bronx Counties and FDR Drive in New York County), low-lying, and poor drainage areas. | Rain fell at rates up to around 2 inches per hour. At LaGuardia Airport, 3.54 inches of rain fell and at Central Park, 2.38 inches was measured.",29
5660639,BRONX CO.,COUNTYWIDE,08/17/1998,1410,Flash Flood, , ,0,0,0,0,NY,EST, ,2083240,C,5,OKX,0,0,TRAINED SPOTTER, , , , , , , ,COUNTYWIDE,08/17/1998,1410, , , , ,,"As thunderstorms moved over the same area, they produced heavy rain for long periods of time. | The heaviest rain, which fell in a band from Northern Richmond County northeast across New York County and extreme Southern Westchester County, caused widespread flooding of streets (such as the Hutchinson River Parkway in Westchester and Bronx Counties and FDR Drive in New York County), low-lying, and poor drainage areas. | Rain fell at rates up to around 2 inches per hour. At LaGuardia Airport, 3.54 inches of rain fell and at Central Park, 2.38 inches was measured.",30
5696163,KINGS CO.,COUNTYWIDE,01/03/1999,1318,Flash Flood, , ,0,0,0,0,NY,EST, ,1502938,C,47,OKX,0,0,TRAINED SPOTTER, , , , , , , ,COUNTYWIDE,01/03/1999,1318, , , , ,,"With cold air in place along the surface, as a strong low pressure system moved northeast across the Great Lakes, a second low formed over the Mid-Atlantic States and moved northeast across Long Island during Sunday afternoon, January 3rd. | A light intermittent mix of sleet and freezing rain began just after midnight on Sunday. As an icy coating developed on road surfaces below freezing, some significant traffic accidents occurred across the region from midnight through 3 am. | However, as southeast winds increased, gusting from 45 to 50 mph, surface temperatures quickly rose above freezing from the immediate coast west during the night. An intense narrow band of torrential rain developed within a large area of steady rain. Rain fell on a frozen ground surface at rates as high as 3 inches per hour. This resulted in rapid runoff that caused widespread serious flooding of low-lying and poor drainage areas mainly from Kings County east across Central Suffolk County. Life-threatening flash flooding occurred in a 30 block area of Springfield Gardens (Queens) where people required rescue from their flooded basement apartments. Water rose to within 6 inches of the ceilings in several apartments. Many locations along the Belt and Southern State Parkways, the Long Island Expressway, and Northern State Parkway were closed due to serious flooding. | Here are selected rainfall amounts across the region: | o In Nassau County, from 3.69 inches at Sea Cliff to 5.02 inches at Merrick. | o In Western and Central Suffolk County, from 2.86 inches at Sayville to 4.51 inches at Farmingdale. | o In Queens County, from 2.53 inches at LaGuardia Airport to 3.78 inches at Kennedy Airport. | o In Manhattan, a new daily record of 2.42 inches was measured at Central Park. | o In Westchester County, from 1.67 inches at Yorktown Heights to 2.84 inches at White Plains. | o In Eastern Suffolk County, from 1.08 inches at Montauk to 2.38 inches at Westhampton. | o In Rockland County, 2.23 inches was measured in Suffern. Rainfall rates of 2.44 inches per hour was | measured at the Clarkstown North HS Weather Station in New City and 2.28 inches per hour at the | Felix Festa MS Weather Station in West Nyack. | Strong gusty winds combined with heavy rain caused scattered power outages as tree limbs fell mainly from Nassau County east across Central Suffolk County.",31
5696164,QUEENS CO.,COUNTYWIDE,01/03/1999,1318,Flash Flood, , ,0,0,500000,0,NY,EST, ,1502938,C,81,OKX,0,0,TRAINED SPOTTER, , , , , , , ,COUNTYWIDE,01/03/1999,1318, , , , ,,"With cold air in place along the surface, as a strong low pressure system moved northeast across the Great Lakes, a second low formed over the Mid-Atlantic States and moved northeast across Long Island during Sunday afternoon, January 3rd. | A light intermittent mix of sleet and freezing rain began just after midnight on Sunday. As an icy coating developed on road surfaces below freezing, some significant traffic accidents occurred across the region from midnight through 3 am. | However, as southeast winds increased, gusting from 45 to 50 mph, surface temperatures quickly rose above freezing from the immediate coast west during the night. An intense narrow band of torrential rain developed within a large area of steady rain. Rain fell on a frozen ground surface at rates as high as 3 inches per hour. This resulted in rapid runoff that caused widespread serious flooding of low-lying and poor drainage areas mainly from Kings County east across Central Suffolk County. Life-threatening flash flooding occurred in a 30 block area of Springfield Gardens (Queens) where people required rescue from their flooded basement apartments. Water rose to within 6 inches of the ceilings in several apartments. Many locations along the Belt and Southern State Parkways, the Long Island Expressway, and Northern State Parkway were closed due to serious flooding. | Here are selected rainfall amounts across the region: | o In Nassau County, from 3.69 inches at Sea Cliff to 5.02 inches at Merrick. | o In Western and Central Suffolk County, from 2.86 inches at Sayville to 4.51 inches at Farmingdale. | o In Queens County, from 2.53 inches at LaGuardia Airport to 3.78 inches at Kennedy Airport. | o In Manhattan, a new daily record of 2.42 inches was measured at Central Park. | o In Westchester County, from 1.67 inches at Yorktown Heights to 2.84 inches at White Plains. | o In Eastern Suffolk County, from 1.08 inches at Montauk to 2.38 inches at Westhampton. | o In Rockland County, 2.23 inches was measured in Suffern. Rainfall rates of 2.44 inches per hour was | measured at the Clarkstown North HS Weather Station in New City and 2.28 inches per hour at the | Felix Festa MS Weather Station in West Nyack. | Strong gusty winds combined with heavy rain caused scattered power outages as tree limbs fell mainly from Nassau County east across Central Suffolk County.",32
5696191,RICHMOND CO.,SOUTH BEACH,01/15/1999,915,Flash Flood, , ,0,0,0,0,NY,EST, ,1502823,C,85,OKX,0,0,NEWSPAPER, , , , , , , ,SOUTH BEACH,01/15/1999,915, , , , ,,"As heavy rain fell on a frozen ground surface with partially clogged storm drains, widespread flash flooding of low-lying and poor drainage areas occurred across the region. | In Suffolk County, up to 3 feet of water collected on low-lying roads from Lindenhurst to Bay Shore. | In Nassau County, a portion of Valley Stream Blvd. north of Village Green was washed away. | In Staten Island, up to 2 feet of water collected in many streets in South Beach. | Rainfall amounts ranged from 1.16 inches at Westhampton to 1.74 inches at Farmingdale.",33
5685634,EASTERN DUTCHESS (ZONE), ,01/18/1999,2239,Flash Flood, , ,0,0,10000,0,NY,EST, ,1501893,Z,66,ALY,0,0,LAW ENFORCEMENT, , , , , , , , ,01/19/1999,1000, , , , ,Mild weather and rain resulted in Wassaic Creek overflowing its banks from January 18 to January 19. County Route 81 was inundated with water resulting in several homes having to be evacuated.,,34
5717789,BRONX CO.,COUNTYWIDE,08/26/1999,630,Flash Flood, , ,0,0,0,0,NY,EST, ,2412807,C,5,OKX,0,0,EMERGENCY MANAGER, , , , , , , ,COUNTYWIDE,08/26/1999,830, , , , ,,"Widespread rain developed just north of a warm front that remained nearly stationary just south of the area. Scattered thunderstorms produced torrential rain that caused significant and serious urban flash flooding across New York, Bronx, and Southern Westchester Counties. Less serious flooding occurred across Northwest Queens and Rockland Counties. Flash flooding crippled mass transit at the height of the morning rush hour in the New York Metro area. | During the afternoon, torrential rain caused urban flash flooding across parts of Western and Central Suffolk County. Around 2 feet of water covered Main Street in Northport and up to 4 feet of water flooded many roads across Central Suffolk County , mainly in a band from Shirley north across Manorville to Wading River, where the heaviest rain fell. | In New York County, parts of many roads such as FDR Drive, Harlem River Drive,Henry Hudson Parkway, 12th Ave. and West Side Highway were forced to close. Subway service was severely disrupted as 3 to 5 feet of water collected at subway station locations. Fifty-two inches of water was measured at the 6 line station at Cypress Ave. A 10 to 20 foot section of the northbound platform on the 6 line at 28th street crumbled and washed away. | In Bronx County, in addition to many road closures, the Metro-North Railroad system was forced to close in Mott Haven, South Bronx, which went under water. Ten trains carrying thousands of passengers were stranded. | In Southern Westchester County, parts of many roads such as Bronx River Parkway, Hutchinson River Parkway, and Saw Mill River Parkway were forced to close. | Here are selected rainfall amounts for: | Queens County: 2.64 inches of rain was measured at LaGuardia Airport. Some less serious flooding of roads and subway stations occurred across parts of Northwest Queens. | Westchester County: 2.30 inches was measured at White Plains. | Rockland County: from 3.16 inches at Nanuet to 3.31 inches at New City. | Suffolk County: 6.10 inches at Manorville, 4.03 inches at South Setauket, 3.76 inches at the NWS Office in Upton and 3.48 inches in Riverhead.",35
5717787,NEW YORK CO.,COUNTYWIDE,08/26/1999,630,Flash Flood, , ,0,0,0,0,NY,EST, ,2412807,C,61,OKX,0,0,EMERGENCY MANAGER, , , , , , , ,COUNTYWIDE,08/26/1999,830, , , , ,,"Widespread rain developed just north of a warm front that remained nearly stationary just south of the area. Scattered thunderstorms produced torrential rain that caused significant and serious urban flash flooding across New York, Bronx, and Southern Westchester Counties. Less serious flooding occurred across Northwest Queens and Rockland Counties. Flash flooding crippled mass transit at the height of the morning rush hour in the New York Metro area. | During the afternoon, torrential rain caused urban flash flooding across parts of Western and Central Suffolk County. Around 2 feet of water covered Main Street in Northport and up to 4 feet of water flooded many roads across Central Suffolk County , mainly in a band from Shirley north across Manorville to Wading River, where the heaviest rain fell. | In New York County, parts of many roads such as FDR Drive, Harlem River Drive,Henry Hudson Parkway, 12th Ave. and West Side Highway were forced to close. Subway service was severely disrupted as 3 to 5 feet of water collected at subway station locations. Fifty-two inches of water was measured at the 6 line station at Cypress Ave. A 10 to 20 foot section of the northbound platform on the 6 line at 28th street crumbled and washed away. | In Bronx County, in addition to many road closures, the Metro-North Railroad system was forced to close in Mott Haven, South Bronx, which went under water. Ten trains carrying thousands of passengers were stranded. | In Southern Westchester County, parts of many roads such as Bronx River Parkway, Hutchinson River Parkway, and Saw Mill River Parkway were forced to close. | Here are selected rainfall amounts for: | Queens County: 2.64 inches of rain was measured at LaGuardia Airport. Some less serious flooding of roads and subway stations occurred across parts of Northwest Queens. | Westchester County: 2.30 inches was measured at White Plains. | Rockland County: from 3.16 inches at Nanuet to 3.31 inches at New City. | Suffolk County: 6.10 inches at Manorville, 4.03 inches at South Setauket, 3.76 inches at the NWS Office in Upton and 3.48 inches in Riverhead.",36
5724751,QUEENS CO.,COUNTYWIDE,09/16/1999,1108,Flash Flood, , ,0,0,0,0,NY,EST, ,2414117,C,81,OKX,0,0,EMERGENCY MANAGER, , , , , , , ,COUNTYWIDE,09/16/1999,1900, , , , ,,"Torrential record rainfall, which caused serious widespread urban, small stream, and river flooding, preceded the remnants of Hurricane Floyd, which passed over Western Suffolk County of Long Island from 7 pm to 9 pm on September 16th. | Death: In Rockland County, a 53-year old man died around midnight on the 17th when he was swept into the Pearl River while walking in Orangetown. | Property Damage: Orange, Putnam, Rockland, and Westchester Counties were declared disaster areas. For these 4 counties, the initial cost estimates were $14.6 million dollars. These figures represents ""eligible"" costs for disaster payments, and were provided by the New York State Emergency Management Office. They represent a ""fraction"" of the costs that were actually incurred. | Urban Flooding: Serious widespread flooding of low-lying and poor drainage areas resulted in the closure of many roads and basement flooding across the entire region. | Stream and River Flooding: | In Rockland County, the Mahwah River at Suffern was above its' flood stage of 4 ft. from 1:30 pm on the 16th until 3 am on the 18th. The crest stage was about 9.7 feet. | In Westchester and Bronx Counties, the Saw Mill and Bronx Rivers overflowed their banks and caused serious widespread urban flooding. | Rainfall Amounts: The axis of heaviest rain was oriented from southwest to northeast and extended from Central NJ northeast across the Lower Hudson Valley of Southeast NY and Southwest CT. Maximum rainfall rates from 1 to around 2 inches per hour lasted for at least 3 consecutive hours across parts of the Lower Hudson Valley from 2 pm until 6 pm on the 16th. | Here are selected rainfall amounts for: | Putnam County: from 11.73 inches at the George Fischer M.S. Weather Station in Carmel to 13.70 inches at Brewster. | Rockland County: from 7.85 inches at Pomona to 10.17 inches at Congers. | Westchester County: from 5.03 inches at Tuckahoe to 12.55 inches at Granite Springs. At Westchester County Airport, 6.26 inches was measured. | Orange County: from 4.46 inches at Middletown to 8.25 inches at West Point. | Bronx County: 7.51 inches was measured by the Fordham Prep School Weather Station. | New York (Manhattan) County: from 4.06 inches at the Saint Rose of Lima Weather Station to 5.02 inches at Central Park. | Richmond (Staten Island:) County: No reports were available. | Kings (Brooklyn) County: from 3.83 inches at Graves End to 5.53 inches at the Bishop Kearney H.S. Weather Station. | Queens County: from 3.27 inches at JFK Airport to 4.94 inches at LaGuardia Airport. | Nassau County: from 3.67 inches at Wantagh to 4.12 inches at Mineola. | Suffolk County: from 2.67 inches at Bridgehampton to 4.88 inches at Sea Cliff. | Winds: Strong and gusty winds combined with torrential rain downed many trees, tree limbs, and power lines across the area. Significant power outages resulted. Most wind gusts were from 50 to 60 mph from around 1:30 pm on the 16th to around 2 am on the 17th.",37
5724749,RICHMOND CO.,COUNTYWIDE,09/16/1999,1108,Flash Flood, , ,0,0,0,0,NY,EST, ,2414117,C,85,OKX,0,0,EMERGENCY MANAGER, , , , , , , ,COUNTYWIDE,09/16/1999,1900, , , , ,,"Torrential record rainfall, which caused serious widespread urban, small stream, and river flooding, preceded the remnants of Hurricane Floyd, which passed over Western Suffolk County of Long Island from 7 pm to 9 pm on September 16th. | Death: In Rockland County, a 53-year old man died around midnight on the 17th when he was swept into the Pearl River while walking in Orangetown. | Property Damage: Orange, Putnam, Rockland, and Westchester Counties were declared disaster areas. For these 4 counties, the initial cost estimates were $14.6 million dollars. These figures represents ""eligible"" costs for disaster payments, and were provided by the New York State Emergency Management Office. They represent a ""fraction"" of the costs that were actually incurred. | Urban Flooding: Serious widespread flooding of low-lying and poor drainage areas resulted in the closure of many roads and basement flooding across the entire region. | Stream and River Flooding: | In Rockland County, the Mahwah River at Suffern was above its' flood stage of 4 ft. from 1:30 pm on the 16th until 3 am on the 18th. The crest stage was about 9.7 feet. | In Westchester and Bronx Counties, the Saw Mill and Bronx Rivers overflowed their banks and caused serious widespread urban flooding. | Rainfall Amounts: The axis of heaviest rain was oriented from southwest to northeast and extended from Central NJ northeast across the Lower Hudson Valley of Southeast NY and Southwest CT. Maximum rainfall rates from 1 to around 2 inches per hour lasted for at least 3 consecutive hours across parts of the Lower Hudson Valley from 2 pm until 6 pm on the 16th. | Here are selected rainfall amounts for: | Putnam County: from 11.73 inches at the George Fischer M.S. Weather Station in Carmel to 13.70 inches at Brewster. | Rockland County: from 7.85 inches at Pomona to 10.17 inches at Congers. | Westchester County: from 5.03 inches at Tuckahoe to 12.55 inches at Granite Springs. At Westchester County Airport, 6.26 inches was measured. | Orange County: from 4.46 inches at Middletown to 8.25 inches at West Point. | Bronx County: 7.51 inches was measured by the Fordham Prep School Weather Station. | New York (Manhattan) County: from 4.06 inches at the Saint Rose of Lima Weather Station to 5.02 inches at Central Park. | Richmond (Staten Island:) County: No reports were available. | Kings (Brooklyn) County: from 3.83 inches at Graves End to 5.53 inches at the Bishop Kearney H.S. Weather Station. | Queens County: from 3.27 inches at JFK Airport to 4.94 inches at LaGuardia Airport. | Nassau County: from 3.67 inches at Wantagh to 4.12 inches at Mineola. | Suffolk County: from 2.67 inches at Bridgehampton to 4.88 inches at Sea Cliff. | Winds: Strong and gusty winds combined with torrential rain downed many trees, tree limbs, and power lines across the area. Significant power outages resulted. Most wind gusts were from 50 to 60 mph from around 1:30 pm on the 16th to around 2 am on the 17th.",38
5724750,KINGS CO.,COUNTYWIDE,09/16/1999,1108,Flash Flood, , ,0,0,0,0,NY,EST, ,2414117,C,47,OKX,0,0,EMERGENCY MANAGER, , , , , , , ,COUNTYWIDE,09/16/1999,1900, , , , ,,"Torrential record rainfall, which caused serious widespread urban, small stream, and river flooding, preceded the remnants of Hurricane Floyd, which passed over Western Suffolk County of Long Island from 7 pm to 9 pm on September 16th. | Death: In Rockland County, a 53-year old man died around midnight on the 17th when he was swept into the Pearl River while walking in Orangetown. | Property Damage: Orange, Putnam, Rockland, and Westchester Counties were declared disaster areas. For these 4 counties, the initial cost estimates were $14.6 million dollars. These figures represents ""eligible"" costs for disaster payments, and were provided by the New York State Emergency Management Office. They represent a ""fraction"" of the costs that were actually incurred. | Urban Flooding: Serious widespread flooding of low-lying and poor drainage areas resulted in the closure of many roads and basement flooding across the entire region. | Stream and River Flooding: | In Rockland County, the Mahwah River at Suffern was above its' flood stage of 4 ft. from 1:30 pm on the 16th until 3 am on the 18th. The crest stage was about 9.7 feet. | In Westchester and Bronx Counties, the Saw Mill and Bronx Rivers overflowed their banks and caused serious widespread urban flooding. | Rainfall Amounts: The axis of heaviest rain was oriented from southwest to northeast and extended from Central NJ northeast across the Lower Hudson Valley of Southeast NY and Southwest CT. Maximum rainfall rates from 1 to around 2 inches per hour lasted for at least 3 consecutive hours across parts of the Lower Hudson Valley from 2 pm until 6 pm on the 16th. | Here are selected rainfall amounts for: | Putnam County: from 11.73 inches at the George Fischer M.S. Weather Station in Carmel to 13.70 inches at Brewster. | Rockland County: from 7.85 inches at Pomona to 10.17 inches at Congers. | Westchester County: from 5.03 inches at Tuckahoe to 12.55 inches at Granite Springs. At Westchester County Airport, 6.26 inches was measured. | Orange County: from 4.46 inches at Middletown to 8.25 inches at West Point. | Bronx County: 7.51 inches was measured by the Fordham Prep School Weather Station. | New York (Manhattan) County: from 4.06 inches at the Saint Rose of Lima Weather Station to 5.02 inches at Central Park. | Richmond (Staten Island:) County: No reports were available. | Kings (Brooklyn) County: from 3.83 inches at Graves End to 5.53 inches at the Bishop Kearney H.S. Weather Station. | Queens County: from 3.27 inches at JFK Airport to 4.94 inches at LaGuardia Airport. | Nassau County: from 3.67 inches at Wantagh to 4.12 inches at Mineola. | Suffolk County: from 2.67 inches at Bridgehampton to 4.88 inches at Sea Cliff. | Winds: Strong and gusty winds combined with torrential rain downed many trees, tree limbs, and power lines across the area. Significant power outages resulted. Most wind gusts were from 50 to 60 mph from around 1:30 pm on the 16th to around 2 am on the 17th.",39
5724748,NEW YORK CO.,COUNTYWIDE,09/16/1999,1108,Flash Flood, , ,0,0,0,0,NY,EST, ,2414117,C,61,OKX,0,0,EMERGENCY MANAGER, , , , , , , ,COUNTYWIDE,09/16/1999,1900, , , , ,,"Torrential record rainfall, which caused serious widespread urban, small stream, and river flooding, preceded the remnants of Hurricane Floyd, which passed over Western Suffolk County of Long Island from 7 pm to 9 pm on September 16th. | Death: In Rockland County, a 53-year old man died around midnight on the 17th when he was swept into the Pearl River while walking in Orangetown. | Property Damage: Orange, Putnam, Rockland, and Westchester Counties were declared disaster areas. For these 4 counties, the initial cost estimates were $14.6 million dollars. These figures represents ""eligible"" costs for disaster payments, and were provided by the New York State Emergency Management Office. They represent a ""fraction"" of the costs that were actually incurred. | Urban Flooding: Serious widespread flooding of low-lying and poor drainage areas resulted in the closure of many roads and basement flooding across the entire region. | Stream and River Flooding: | In Rockland County, the Mahwah River at Suffern was above its' flood stage of 4 ft. from 1:30 pm on the 16th until 3 am on the 18th. The crest stage was about 9.7 feet. | In Westchester and Bronx Counties, the Saw Mill and Bronx Rivers overflowed their banks and caused serious widespread urban flooding. | Rainfall Amounts: The axis of heaviest rain was oriented from southwest to northeast and extended from Central NJ northeast across the Lower Hudson Valley of Southeast NY and Southwest CT. Maximum rainfall rates from 1 to around 2 inches per hour lasted for at least 3 consecutive hours across parts of the Lower Hudson Valley from 2 pm until 6 pm on the 16th. | Here are selected rainfall amounts for: | Putnam County: from 11.73 inches at the George Fischer M.S. Weather Station in Carmel to 13.70 inches at Brewster. | Rockland County: from 7.85 inches at Pomona to 10.17 inches at Congers. | Westchester County: from 5.03 inches at Tuckahoe to 12.55 inches at Granite Springs. At Westchester County Airport, 6.26 inches was measured. | Orange County: from 4.46 inches at Middletown to 8.25 inches at West Point. | Bronx County: 7.51 inches was measured by the Fordham Prep School Weather Station. | New York (Manhattan) County: from 4.06 inches at the Saint Rose of Lima Weather Station to 5.02 inches at Central Park. | Richmond (Staten Island:) County: No reports were available. | Kings (Brooklyn) County: from 3.83 inches at Graves End to 5.53 inches at the Bishop Kearney H.S. Weather Station. | Queens County: from 3.27 inches at JFK Airport to 4.94 inches at LaGuardia Airport. | Nassau County: from 3.67 inches at Wantagh to 4.12 inches at Mineola. | Suffolk County: from 2.67 inches at Bridgehampton to 4.88 inches at Sea Cliff. | Winds: Strong and gusty winds combined with torrential rain downed many trees, tree limbs, and power lines across the area. Significant power outages resulted. Most wind gusts were from 50 to 60 mph from around 1:30 pm on the 16th to around 2 am on the 17th.",40
5724747,BRONX CO.,COUNTYWIDE,09/16/1999,1108,Flash Flood, , ,0,0,0,0,NY,EST, ,2414117,C,5,OKX,0,0,EMERGENCY MANAGER, , , , , , , ,COUNTYWIDE,09/16/1999,1900, , , , ,,"Torrential record rainfall, which caused serious widespread urban, small stream, and river flooding, preceded the remnants of Hurricane Floyd, which passed over Western Suffolk County of Long Island from 7 pm to 9 pm on September 16th. | Death: In Rockland County, a 53-year old man died around midnight on the 17th when he was swept into the Pearl River while walking in Orangetown. | Property Damage: Orange, Putnam, Rockland, and Westchester Counties were declared disaster areas. For these 4 counties, the initial cost estimates were $14.6 million dollars. These figures represents ""eligible"" costs for disaster payments, and were provided by the New York State Emergency Management Office. They represent a ""fraction"" of the costs that were actually incurred. | Urban Flooding: Serious widespread flooding of low-lying and poor drainage areas resulted in the closure of many roads and basement flooding across the entire region. | Stream and River Flooding: | In Rockland County, the Mahwah River at Suffern was above its' flood stage of 4 ft. from 1:30 pm on the 16th until 3 am on the 18th. The crest stage was about 9.7 feet. | In Westchester and Bronx Counties, the Saw Mill and Bronx Rivers overflowed their banks and caused serious widespread urban flooding. | Rainfall Amounts: The axis of heaviest rain was oriented from southwest to northeast and extended from Central NJ northeast across the Lower Hudson Valley of Southeast NY and Southwest CT. Maximum rainfall rates from 1 to around 2 inches per hour lasted for at least 3 consecutive hours across parts of the Lower Hudson Valley from 2 pm until 6 pm on the 16th. | Here are selected rainfall amounts for: | Putnam County: from 11.73 inches at the George Fischer M.S. Weather Station in Carmel to 13.70 inches at Brewster. | Rockland County: from 7.85 inches at Pomona to 10.17 inches at Congers. | Westchester County: from 5.03 inches at Tuckahoe to 12.55 inches at Granite Springs. At Westchester County Airport, 6.26 inches was measured. | Orange County: from 4.46 inches at Middletown to 8.25 inches at West Point. | Bronx County: 7.51 inches was measured by the Fordham Prep School Weather Station. | New York (Manhattan) County: from 4.06 inches at the Saint Rose of Lima Weather Station to 5.02 inches at Central Park. | Richmond (Staten Island:) County: No reports were available. | Kings (Brooklyn) County: from 3.83 inches at Graves End to 5.53 inches at the Bishop Kearney H.S. Weather Station. | Queens County: from 3.27 inches at JFK Airport to 4.94 inches at LaGuardia Airport. | Nassau County: from 3.67 inches at Wantagh to 4.12 inches at Mineola. | Suffolk County: from 2.67 inches at Bridgehampton to 4.88 inches at Sea Cliff. | Winds: Strong and gusty winds combined with torrential rain downed many trees, tree limbs, and power lines across the area. Significant power outages resulted. Most wind gusts were from 50 to 60 mph from around 1:30 pm on the 16th to around 2 am on the 17th.",41
5154965,RICHMOND CO.,NORTHEAST PORTION,07/03/2000,1705,Flash Flood, , ,0,0,0,0,NY,EST, ,1100597,C,85,OKX,0,0,EMERGENCY MANAGER, , , , , , , ,NORTHEAST PORTION,07/03/2000,1705, , , , ,,"Thunderstorms produced rainfall rates estimated by radar at up to 4 inches per hour for less than 1 hour across Northeast Richmond (Staten Island), Southwest Kings (Brooklyn) and Northern Queens Counties. These excessive rainfall rates were confirmed by two weather stations in Kings County (Brooklyn). The Bishop Kearney High School Weather Station measured a maximum rainfall rate of 4.48 inches per hour and the P.S. 170 Weather Station measured a maximum rainfall rate of 4.20 inches per hour. | In Richmond County, significant ponding of water trapped people in two cars near the Verranzano Bridge. | In Kings County, significant low-lying and poor drainage flooding occurred along the Belt Parkway in Bay Ridge. | In Queens County, the New York City Office of Emergency Management reported significant low-lying and poor drainage flooding on the Cross Island Parkway near the Whitestone Bridge.",42
5154966,KINGS CO.,SOUTHWEST PORTION,07/03/2000,1736,Flash Flood, , ,0,0,0,0,NY,EST, ,1100597,C,47,OKX,0,0,EMERGENCY MANAGER, , , , , , , ,SOUTHWEST PORTION,07/03/2000,1736, , , , ,,"Thunderstorms produced rainfall rates estimated by radar at up to 4 inches per hour for less than 1 hour across Northeast Richmond (Staten Island), Southwest Kings (Brooklyn) and Northern Queens Counties. These excessive rainfall rates were confirmed by two weather stations in Kings County (Brooklyn). The Bishop Kearney High School Weather Station measured a maximum rainfall rate of 4.48 inches per hour and the P.S. 170 Weather Station measured a maximum rainfall rate of 4.20 inches per hour. | In Richmond County, significant ponding of water trapped people in two cars near the Verranzano Bridge. | In Kings County, significant low-lying and poor drainage flooding occurred along the Belt Parkway in Bay Ridge. | In Queens County, the New York City Office of Emergency Management reported significant low-lying and poor drainage flooding on the Cross Island Parkway near the Whitestone Bridge.",43
5154967,QUEENS CO.,NORTH PORTION,07/03/2000,1800,Flash Flood, , ,0,0,0,0,NY,EST, ,1100597,C,81,OKX,0,0,EMERGENCY MANAGER, , , , , , , ,NORTH PORTION,07/03/2000,1800, , , , ,,"Thunderstorms produced rainfall rates estimated by radar at up to 4 inches per hour for less than 1 hour across Northeast Richmond (Staten Island), Southwest Kings (Brooklyn) and Northern Queens Counties. These excessive rainfall rates were confirmed by two weather stations in Kings County (Brooklyn). The Bishop Kearney High School Weather Station measured a maximum rainfall rate of 4.48 inches per hour and the P.S. 170 Weather Station measured a maximum rainfall rate of 4.20 inches per hour. | In Richmond County, significant ponding of water trapped people in two cars near the Verranzano Bridge. | In Kings County, significant low-lying and poor drainage flooding occurred along the Belt Parkway in Bay Ridge. | In Queens County, the New York City Office of Emergency Management reported significant low-lying and poor drainage flooding on the Cross Island Parkway near the Whitestone Bridge.",44
5169547,BRONX CO.,BRONX,08/11/2000,1810,Flash Flood, , ,0,0,0,0,NY,EST, ,1101398,C,5,OKX,0,0,TRAINED SPOTTER, , , , , , , ,BRONX,08/11/2000,1810, , , , ,,"Slow moving thunderstorms produced rainfall rates estimated at around 2 inches per hour, which caused significant flooding of low-lying and poor drainage areas. | In Huntington, significant flooding occurred along parts of Route 25 and Melville Road. | In Yorktown Heights, serious flooding was reported on Commerce Street and Route 118. | In Putnam Valley, flooding occurred on Peekskill Hollow Road. | In Rockland County, significant flooding caused the closure of many roads in several locations throughout the county. | In Pelham Manor, flooding occurred along parts of the Hutchinson River Parkway near Lincoln Avenue. | In the Bronx, cars were submerged in rising water and trapped many people. | In Bayville, water quickly ponded and rose up to 3 feet, which caused a road closure near the Tide Motel. Nassau County Police reported severe flooding near the town beach. NWS radar estimated a 2 to 3 inch rainfall from 2:30 am to 3:30 am, with up to 5 inches during the preceding 24 hours. | In Howard Beach (just west of JFK Airport), water quickly ponded and rose up to 2 feet on Cross Bay Blvd. at the Belt Parkway. The Automated Surface Observing System at JFK Airport measured 1.53 inches.",45
5169549,QUEENS CO.,KENNEDY INTL ARPT,08/12/2000,612,Flash Flood, , ,0,0,0,0,NY,EST, ,1101398,C,81,OKX,0,0,TRAINED SPOTTER, , , , , , , ,KENNEDY INTL ARPT,08/12/2000,612, , , , ,,"Slow moving thunderstorms produced rainfall rates estimated at around 2 inches per hour, which caused significant flooding of low-lying and poor drainage areas. | In Huntington, significant flooding occurred along parts of Route 25 and Melville Road. | In Yorktown Heights, serious flooding was reported on Commerce Street and Route 118. | In Putnam Valley, flooding occurred on Peekskill Hollow Road. | In Rockland County, significant flooding caused the closure of many roads in several locations throughout the county. | In Pelham Manor, flooding occurred along parts of the Hutchinson River Parkway near Lincoln Avenue. | In the Bronx, cars were submerged in rising water and trapped many people. | In Bayville, water quickly ponded and rose up to 3 feet, which caused a road closure near the Tide Motel. Nassau County Police reported severe flooding near the town beach. NWS radar estimated a 2 to 3 inch rainfall from 2:30 am to 3:30 am, with up to 5 inches during the preceding 24 hours. | In Howard Beach (just west of JFK Airport), water quickly ponded and rose up to 2 feet on Cross Bay Blvd. at the Belt Parkway. The Automated Surface Observing System at JFK Airport measured 1.53 inches.",46
5169539,RICHMOND CO.,NORTH PORTION,08/27/2000,2035,Flash Flood, , ,0,0,0,0,NY,EST, ,1101396,C,85,OKX,0,0,TRAINED SPOTTER, , , , , , , ,NORTH PORTION,08/27/2000,2105, , , , ,,Heavy showers moved very slowly east across Northern Richmond County (Staten Island). National Weather Service (NWS) radar estimated rainfall rates of 1.5 to 2 inches per hour for at least 2 consecutive hours through 9:35 pm EDT. Estimated rainfall amounts of 3.5 to 4 inches resulted in serious widespread flooding of low lying and poor drainage areas. NWS Skywarn Spotters reported widespread flooding with cars trapped and submerged in water.,47
5169541,QUEENS CO.,NORTHEAST PORTION,08/28/2000,1320,Flash Flood, , ,0,0,0,0,NY,EST, ,1101397,C,81,OKX,0,0,EMERGENCY MANAGER, , , , , , , ,NORTHEAST PORTION,08/28/2000,1320, , , , ,,"Heavy rain along with embedded thunderstorms drifted very slowly north across Northeastern Queens and Northwestern Nassau | Counties. National Weather Service radar estimated rainfall rates from 1.5 to 2 inches per hour with a Storm Total Precipitation amount from 3.5 to 4 inches across this area. Emergency managers reported numerous roads and stores flooded in Great Neck. They also reported serious widespread flooding on the Cross Island Parkway in Whitestone, with up to 5 feet of water ponded on streets in Bay Terrace.",48
5157189,QUEENS CO.,NORTHEAST PORTION,09/03/2000,1330,Flash Flood, , ,0,0,0,0,NY,EST, ,1102812,C,81,OKX,0,0,LAW ENFORCEMENT, , , , , , , ,NORTHEAST PORTION,09/03/2000,1350, , , , ,,"Nearly stationary thunderstorms produced torrential rain that caused significant flash flooding of low-lying and poor drainage areas across parts of Nassau, Western Suffolk and Northeastern Queens Counties. Radar estimated up to 3 inches of rainfall that caused flash flooding of many streets across the area, including Hempstead Turnpike in Levittown, Merrit Street in North Amityville and parts of the Cross Island Parkway, Whitestone Expressway and Northern Blvd. in Northeastern Queens. People had to be rescued from their cars on Northern Blvd. as water quickly accumulated and submerged the cars. Additionally, several residential basements in poor drainage areas were also flooded.",49
5251320,QUEENS CO.,COUNTYWIDE,06/17/2001,1030,Flash Flood, , ,0,0,0,0,NY,EST, ,1116569,C,81,OKX,0,0,TRAINED SPOTTER, , , , , , , ,COUNTYWIDE,06/17/2001,1315, , , , ,,"On Sunday, June 17th, abundant moisture from the remnants of tropical storm Allison, combined with a cold front approaching from the west, produced extremely heavy rainfall across much of southeast New York during the early morning hours. Rainfall rates of up to 3 inches per hour produced widespread street and highway flooding, in addition to some flash flooding of small streams. Some rivers approached or even slightly exceeded flood stage during this heavy rain event. | Heavy rain first affected portions of Rockland and Westchester Counties between 3:30 AM and 6 AM EDT. The area of heavy rain then slowly shifted east, across New York City around mid morning through midday, Nassau and western Suffolk Counties from late morning through early afternoon, and across central and eastern Suffolk County during the early to mid afternoon hours. | In Rockland County, the Mahwah River at Suffern crested at 3.79 feet at 10:15 AM EDT, remaining just below its' flood stage of 4.0 feet. However, widespread flooding of streets occurred during the morning hours in Rockland County, closing several major roads which became impassable due to the excessive rainfall. Several houses were also evacuated due to flooding conditions, particularly near Valley Cottage. | Excessive rainfall also led to severe flooding conditions across portions of Westchester County. In Greenburgh, 23 residential structures experienced basement flooding, causing thousands of dollars of property damage in the Babbitt Court area. In Ossining, the Sparta Brook overflowed its' banks around 5 AM EDT, washing away a backyard and flooding an adjoining basement and garage. Flooding also was reported in Mt. Kisco, particularly near Shoppers Park, where several stores reported damage from the flooding. Damage to several municipal buildings was also reported in other portions of downtown Mt. Kisco. | There were also numerous reports of street and highway flooding in the New York City area, as well as Nassau and Suffolk Counties on Long Island, which led to several major road and highway closings. | Here are some rainfall totals for this event: | In Rockland County: 1.65 inches at Suffern. | In Westchester County: From 2.69 inches at Westchester County Airport in White Plains, to 5.73 inches in Granite Springs. | In the New York City area: From 1.37 inches in Brooklyn, to 2.36 inches at John F. Kennedy International Airport in Queens. In addition, a daily record amount of 1.55 inches occurred at Central Park. | In Nassau County: From 2.51 inches at Wantagh, to 5 inches at Lido Beach. | In Suffolk County: From 2.27 inches at Copiague, to 4.35 inches at Patchogue.",50
5251319,KINGS CO.,COUNTYWIDE,06/17/2001,1030,Flash Flood, , ,0,0,0,0,NY,EST, ,1116569,C,47,OKX,0,0,TRAINED SPOTTER, , , , , , , ,COUNTYWIDE,06/17/2001,1315, , , , ,,"On Sunday, June 17th, abundant moisture from the remnants of tropical storm Allison, combined with a cold front approaching from the west, produced extremely heavy rainfall across much of southeast New York during the early morning hours. Rainfall rates of up to 3 inches per hour produced widespread street and highway flooding, in addition to some flash flooding of small streams. Some rivers approached or even slightly exceeded flood stage during this heavy rain event. | Heavy rain first affected portions of Rockland and Westchester Counties between 3:30 AM and 6 AM EDT. The area of heavy rain then slowly shifted east, across New York City around mid morning through midday, Nassau and western Suffolk Counties from late morning through early afternoon, and across central and eastern Suffolk County during the early to mid afternoon hours. | In Rockland County, the Mahwah River at Suffern crested at 3.79 feet at 10:15 AM EDT, remaining just below its' flood stage of 4.0 feet. However, widespread flooding of streets occurred during the morning hours in Rockland County, closing several major roads which became impassable due to the excessive rainfall. Several houses were also evacuated due to flooding conditions, particularly near Valley Cottage. | Excessive rainfall also led to severe flooding conditions across portions of Westchester County. In Greenburgh, 23 residential structures experienced basement flooding, causing thousands of dollars of property damage in the Babbitt Court area. In Ossining, the Sparta Brook overflowed its' banks around 5 AM EDT, washing away a backyard and flooding an adjoining basement and garage. Flooding also was reported in Mt. Kisco, particularly near Shoppers Park, where several stores reported damage from the flooding. Damage to several municipal buildings was also reported in other portions of downtown Mt. Kisco. | There were also numerous reports of street and highway flooding in the New York City area, as well as Nassau and Suffolk Counties on Long Island, which led to several major road and highway closings. | Here are some rainfall totals for this event: | In Rockland County: 1.65 inches at Suffern. | In Westchester County: From 2.69 inches at Westchester County Airport in White Plains, to 5.73 inches in Granite Springs. | In the New York City area: From 1.37 inches in Brooklyn, to 2.36 inches at John F. Kennedy International Airport in Queens. In addition, a daily record amount of 1.55 inches occurred at Central Park. | In Nassau County: From 2.51 inches at Wantagh, to 5 inches at Lido Beach. | In Suffolk County: From 2.27 inches at Copiague, to 4.35 inches at Patchogue.",51
5265154,QUEENS CO.,BAYSIDE,08/13/2001,1230,Flash Flood, , ,0,0,0,0,NY,EST, ,1121919,C,81,OKX,0,0,BROADCAST MEDIA, , , , , , , ,BAYSIDE,08/13/2001,1230, , , , ,,"On Monday, August 13th, a weak cold front approached southeast New York from the west. In advance of the front, a warm, moist, and very unstable air mass was in place. As a weak sea breeze developed within this air mass, showers and thunderstorms developed. With abundant moisture in place, very heavy rainfall accompanied these thunderstorms, with rainfall rates in excess of 2 inches per hour occurring across portions of northern Queens County and northern Nassau County. In addition, with weak steering winds in place, these showers and thunderstorms moved very slowly, producing highly localized rainfall amounts of 5 inches or more. Consequently, flooding of roadways and highways occurred in highly localized portions of northern Queens and northern Nassau Counties. | In northern Queens County, isolated severe flooding occurred along the Cross Island Parkway and Whitestone Expressway, leading to eventual shutdown of these major arterial highways. Victims were stranded in vehicles on these highways and on other local roads in northern Queens. In addition, several health care facilities were flooded, including one area hospital and seven area nursing homes. | In Nassau County, heavy rains and flooding washed out several hundred feet of track bed on the Long Island Railroad's Port Jefferson branch, causing derailment of a non-passenger equipment train and stranding thousands of evening rush-hour commuters in Hicksville. The accident was attributed to the overflowing of a recharge basin in Syosset, which created a 15 foot-deep hole under the track bed. | In Suffolk County, localized flooding was reported in Huntington. On Main Street, several businesses reported basement flooding as heavy rains, combined with a broken sidewalk, led to the penetration of water into basements. Up to 3 feet of water were reported in some basements.",52
5309810,BRONX CO.,BRONX,06/26/2002,1420,Flash Flood, , ,0,0,0,0,NY,EST, ,1141277,C,5,OKX,0,0,BROADCAST MEDIA, , , , , , , ,BRONX,06/26/2002,1420, , , , ,Radio media reported widespread street flooding in the Bronx.,"As severe thunderstorms moved across the region, they produced high winds and heavy rain. High winds downed many trees and power lines across the region. Heavy rain produced flash floods in the Bronx.",53
5313085,BRONX CO.,WEST PORTION,08/16/2002,1439,Flash Flood, , ,0,0,0,0,NY,EST, ,1142034,C,5,OKX,0,0,EMERGENCY MANAGER, , , , , , , ,WEST PORTION,08/16/2002,1439, , , , ,New York City Office of Emergency Management reported flooding that shut down the Major Deegan Expressway near West Tremont. NYCOEM and local media reported that there was three feet of water on the Major Deegan Expressway at the Cross Bronx Expressway interchange which required police rescues.,,54
5313086,NEW YORK CO.,NORTHWEST PORTION,08/16/2002,1439,Flash Flood, , ,0,0,0,0,NY,EST, ,1142034,C,61,OKX,0,0,EMERGENCY MANAGER, , , , , , , ,NORTHWEST PORTION,08/16/2002,1439, , , , ,New York City Office of Emergency Management reported flooding which required in a shutdown of the Henry Hudson Parkway from 96th street to 125th street.,,55
5313093,QUEENS CO.,FAR ROCKAWAY,08/16/2002,1605,Flash Flood, , ,0,0,0,0,NY,EST, ,1142034,C,81,OKX,0,0,TRAINED SPOTTER, , , , , , , ,FAR ROCKAWAY,08/16/2002,1605, , , , ,Torrential rain produced significant urban flooding in Far Rockaway.,,56
5320514,QUEENS CO.,WOODSIDE,09/02/2002,800,Flash Flood, , ,0,0,0,0,NY,EST, ,1143494,C,81,OKX,0,0,TRAINED SPOTTER, , , , , , , ,WOODSIDE,09/02/2002,815, , , , ,"Spotters reported significant widespread street flooding in Woodside, including a stalled car trapped on a flooded street.",,57
5320515,KINGS CO.,BROOKLYN,09/02/2002,810,Flash Flood, , ,0,0,0,0,NY,EST, ,1143494,C,47,OKX,0,0,TRAINED SPOTTER, , , , , , , ,BROOKLYN,09/02/2002,830, , , , ,A spotter reported significant street flooding in the Greenpoint section of Brooklyn and on the Brooklyn-Queens Expressway (278). Another spotter reported flooding on a few parts of the Belt Parkway.,,58
5334807,QUEENS CO.,BAYSIDE,07/22/2003,1540,Flash Flood, , ,0,0,0,0,NY,EST, ,1159585,C,81,OKX,0,0,TRAINED SPOTTER, , , , , , , ,BAYSIDE,07/22/2003,1610, , , , ,Spotters reported significant street flooding in Bayside Hills and Ridgewood.,,59
5334808,RICHMOND CO.,STATEN IS,07/22/2003,1558,Flash Flood, , ,0,0,0,0,NY,EST, ,1159585,C,85,OKX,0,0,EMERGENCY MANAGER, , , , , , , ,STATEN IS,07/22/2003,1628, , , , ,Consolidated Edison reported significant flooding that resulted in street closings in the vicinity of Richmond Avenue and Victory Boulevard.,,60
5374404,RICHMOND CO.,ANNADALE,08/04/2003,1522,Flash Flood, , ,0,0,0,0,NY,EST, ,1162176,C,85,OKX,0,0,TRAINED SPOTTER, , , , , , , ,ANNADALE,08/04/2003,1537, , , , ,,"As a cold front moved slowly east and displaced warm, moist, and unstable air; lines of heavy showers and thunderstorms occurred. | Torrential rain resulted in widespread flash flooding of streets, low lying and poor drainage areas, mainly in 2 lines: one line extending across Western Staten Island northeast across Hudson County, NJ and another line extending from the Eastern Shores of Staten Island northeast across Western Brooklyn, Southern Manhattan, and Northwest Queens. The highest rainfall rates were between 2 and 3 inches per hour. The Storm Total Rainfall at LaGuardia Airport was 2.78 inches and at Central Park was 1.98 inches. | The New York City Office of Emergency Management reported flooding of several main roads which resulted in partial closures of the FDR Drive at 116th Street in Manhattan, Sections of the Belt Parkway in Brooklyn, and Sections of the Brooklyn Queens Expressway in Queens along with the N and R Subway Tunnels flooded. People waded through knee deep water near Carroll Street and Fourth Ave., which also flooded basements in Brooklyn. Spotters reported significant street flooding in Annadale, where sewers and septics also backed up onto the streets. In Rockland County, significant street flooding occurred on Route 59, west of Route 303 in West Nyack.",61
5374405,NEW YORK CO.,NEW YORK,08/04/2003,1530,Flash Flood, , ,0,0,0,0,NY,EST, ,1162176,C,61,OKX,0,0,EMERGENCY MANAGER, , , , , , , ,NEW YORK,08/04/2003,1545, , , , ,,"As a cold front moved slowly east and displaced warm, moist, and unstable air; lines of heavy showers and thunderstorms occurred. | Torrential rain resulted in widespread flash flooding of streets, low lying and poor drainage areas, mainly in 2 lines: one line extending across Western Staten Island northeast across Hudson County, NJ and another line extending from the Eastern Shores of Staten Island northeast across Western Brooklyn, Southern Manhattan, and Northwest Queens. The highest rainfall rates were between 2 and 3 inches per hour. The Storm Total Rainfall at LaGuardia Airport was 2.78 inches and at Central Park was 1.98 inches. | The New York City Office of Emergency Management reported flooding of several main roads which resulted in partial closures of the FDR Drive at 116th Street in Manhattan, Sections of the Belt Parkway in Brooklyn, and Sections of the Brooklyn Queens Expressway in Queens along with the N and R Subway Tunnels flooded. People waded through knee deep water near Carroll Street and Fourth Ave., which also flooded basements in Brooklyn. Spotters reported significant street flooding in Annadale, where sewers and septics also backed up onto the streets. In Rockland County, significant street flooding occurred on Route 59, west of Route 303 in West Nyack.",62
5374406,KINGS CO.,SOUTH PORTION,08/04/2003,1630,Flash Flood, , ,0,0,0,0,NY,EST, ,1162176,C,47,OKX,0,0,EMERGENCY MANAGER, , , , , , , ,SOUTH PORTION,08/04/2003,1645, , , , ,,"As a cold front moved slowly east and displaced warm, moist, and unstable air; lines of heavy showers and thunderstorms occurred. | Torrential rain resulted in widespread flash flooding of streets, low lying and poor drainage areas, mainly in 2 lines: one line extending across Western Staten Island northeast across Hudson County, NJ and another line extending from the Eastern Shores of Staten Island northeast across Western Brooklyn, Southern Manhattan, and Northwest Queens. The highest rainfall rates were between 2 and 3 inches per hour. The Storm Total Rainfall at LaGuardia Airport was 2.78 inches and at Central Park was 1.98 inches. | The New York City Office of Emergency Management reported flooding of several main roads which resulted in partial closures of the FDR Drive at 116th Street in Manhattan, Sections of the Belt Parkway in Brooklyn, and Sections of the Brooklyn Queens Expressway in Queens along with the N and R Subway Tunnels flooded. People waded through knee deep water near Carroll Street and Fourth Ave., which also flooded basements in Brooklyn. Spotters reported significant street flooding in Annadale, where sewers and septics also backed up onto the streets. In Rockland County, significant street flooding occurred on Route 59, west of Route 303 in West Nyack.",63
5374407,QUEENS CO.,NORTHWEST PORTION,08/04/2003,1630,Flash Flood, , ,0,0,0,0,NY,EST, ,1162176,C,81,OKX,0,0,EMERGENCY MANAGER, , , , , , , ,NORTHWEST PORTION,08/04/2003,1645, , , , ,,"As a cold front moved slowly east and displaced warm, moist, and unstable air; lines of heavy showers and thunderstorms occurred. | Torrential rain resulted in widespread flash flooding of streets, low lying and poor drainage areas, mainly in 2 lines: one line extending across Western Staten Island northeast across Hudson County, NJ and another line extending from the Eastern Shores of Staten Island northeast across Western Brooklyn, Southern Manhattan, and Northwest Queens. The highest rainfall rates were between 2 and 3 inches per hour. The Storm Total Rainfall at LaGuardia Airport was 2.78 inches and at Central Park was 1.98 inches. | The New York City Office of Emergency Management reported flooding of several main roads which resulted in partial closures of the FDR Drive at 116th Street in Manhattan, Sections of the Belt Parkway in Brooklyn, and Sections of the Brooklyn Queens Expressway in Queens along with the N and R Subway Tunnels flooded. People waded through knee deep water near Carroll Street and Fourth Ave., which also flooded basements in Brooklyn. Spotters reported significant street flooding in Annadale, where sewers and septics also backed up onto the streets. In Rockland County, significant street flooding occurred on Route 59, west of Route 303 in West Nyack.",64
5337911,KINGS CO.,BROOKLYN,08/17/2003,1822,Flash Flood, , ,0,0,0,0,NY,EST, ,1162197,C,47,OKX,0,0,EMERGENCY MANAGER, , , , , , , ,BROOKLYN,08/17/2003,1922, , , , ,,"As a mid and upper level disturbance swung through the area, a line of heavy showers and thunderstorms developed and moved east across Southeastern New York, New York City and Long Island. Widespread rainfall amounts were between one and two inches, while isolated locations received as much as three to four inches of rain in as little as two hours. The New York City Office of Emergency Management reported water levels up to car doors on the Belt Parkway near Pennsylvania Avenue in Brooklyn, local police reported significant widespread street flooding in the town of New Castle in Westchester County and on Route 25 between Peconic and Greenport in Suffolk County, and a trained spotter reported significant street flooding in Mattituck in Suffolk County.",65
5335056,BRONX CO.,WEST PORTION,09/23/2003,915,Flash Flood, , ,0,0,0,0,NY,EST, ,1163171,C,5,OKX,0,0,EMERGENCY MANAGER, , , , , , , ,WEST PORTION,09/23/2003,1000, , , , ,,"Showers and thunderstorms developed ahead of an approaching cold front on the morning of Tuesday, September 23rd. These storms produced areas of heavy rain that resulted in widespread rainfall amounts of between 1 and 1.5 inches with isolated locales receiving around 2 inches of rain. This created flooding problems across the lower Hudson Valley and in New York City. Several roads became impassable due to flooding and had to be at least partially closed. These included: the Pine Island Turnpike in Orange County, which was partially washed out near Goshen and Florida; several lanes on the FDR and Harlem River Drives in Manhattan; the Van Wyck Expressway in Queens, Ocean Parkway in Brooklyn and several local streets in Riverdale in the Bronx.",66
5335057,NEW YORK CO.,NORTH PORTION,09/23/2003,930,Flash Flood, , ,0,0,0,0,NY,EST, ,1163171,C,61,OKX,0,0,EMERGENCY MANAGER, , , , , , , ,NORTH PORTION,09/23/2003,1000, , , , ,,"Showers and thunderstorms developed ahead of an approaching cold front on the morning of Tuesday, September 23rd. These storms produced areas of heavy rain that resulted in widespread rainfall amounts of between 1 and 1.5 inches with isolated locales receiving around 2 inches of rain. This created flooding problems across the lower Hudson Valley and in New York City. Several roads became impassable due to flooding and had to be at least partially closed. These included: the Pine Island Turnpike in Orange County, which was partially washed out near Goshen and Florida; several lanes on the FDR and Harlem River Drives in Manhattan; the Van Wyck Expressway in Queens, Ocean Parkway in Brooklyn and several local streets in Riverdale in the Bronx.",67
5335058,QUEENS CO.,EAST CENTRAL PORTION,09/23/2003,930,Flash Flood, , ,0,0,0,0,NY,EST, ,1163171,C,81,OKX,0,0,TRAINED SPOTTER, , , , , , , ,EAST CENTRAL PORTION,09/23/2003,1000, , , , ,,"Showers and thunderstorms developed ahead of an approaching cold front on the morning of Tuesday, September 23rd. These storms produced areas of heavy rain that resulted in widespread rainfall amounts of between 1 and 1.5 inches with isolated locales receiving around 2 inches of rain. This created flooding problems across the lower Hudson Valley and in New York City. Several roads became impassable due to flooding and had to be at least partially closed. These included: the Pine Island Turnpike in Orange County, which was partially washed out near Goshen and Florida; several lanes on the FDR and Harlem River Drives in Manhattan; the Van Wyck Expressway in Queens, Ocean Parkway in Brooklyn and several local streets in Riverdale in the Bronx.",68
5335059,KINGS CO.,CENTRAL PORTION,09/23/2003,935,Flash Flood, , ,0,0,0,0,NY,EST, ,1163171,C,47,OKX,0,0,TRAINED SPOTTER, , , , , , , ,CENTRAL PORTION,09/23/2003,1000, , , , ,,"Showers and thunderstorms developed ahead of an approaching cold front on the morning of Tuesday, September 23rd. These storms produced areas of heavy rain that resulted in widespread rainfall amounts of between 1 and 1.5 inches with isolated locales receiving around 2 inches of rain. This created flooding problems across the lower Hudson Valley and in New York City. Several roads became impassable due to flooding and had to be at least partially closed. These included: the Pine Island Turnpike in Orange County, which was partially washed out near Goshen and Florida; several lanes on the FDR and Harlem River Drives in Manhattan; the Van Wyck Expressway in Queens, Ocean Parkway in Brooklyn and several local streets in Riverdale in the Bronx.",69
5413508,BRONX CO.,COUNTYWIDE,06/17/2004,1540,Flash Flood, , ,0,0,0,0,NY,EST, ,1176213,C,5,OKX,0,0,TRAINED SPOTTER, , , , , , , ,COUNTYWIDE,06/17/2004,1555, , , , ,Torrential rains flooded several roadways in the Bronx. Significant flash flooding on the Thruway resulted in people needin the be rescued from their cars.,June 17th featured a nearly stationary warm front that was draped just north of the Tri-State area. The air just south of this front was very moist...with dewpoints in the 70s. During the afternoon...thunderstorms developed near this warm front and moved southeast at a slow rate of speed. These storms passed over portions of New York City and Long Island and produced torrential downpours. This caused flash flooding at several locations.,70
5413510,NEW YORK CO.,SOUTH PORTION,06/17/2004,1930,Flash Flood, , ,0,0,0,0,NY,EST, ,1176213,C,61,OKX,0,0,EMERGENCY MANAGER, , , , , , , ,SOUTH PORTION,06/17/2004,2000, , , , ,Major street flooding in Southern Manhattan due to torrential thunderstorm rains.,June 17th featured a nearly stationary warm front that was draped just north of the Tri-State area. The air just south of this front was very moist...with dewpoints in the 70s. During the afternoon...thunderstorms developed near this warm front and moved southeast at a slow rate of speed. These storms passed over portions of New York City and Long Island and produced torrential downpours. This caused flash flooding at several locations.,71
5413512,QUEENS CO.,CENTRAL PORTION,06/17/2004,1930,Flash Flood, , ,0,0,0,0,NY,EST, ,1176213,C,81,OKX,0,0,EMERGENCY MANAGER, , , , , , , ,CENTRAL PORTION,06/17/2004,2000, , , , ,Major street flooding on the Long Island Expressway.,June 17th featured a nearly stationary warm front that was draped just north of the Tri-State area. The air just south of this front was very moist...with dewpoints in the 70s. During the afternoon...thunderstorms developed near this warm front and moved southeast at a slow rate of speed. These storms passed over portions of New York City and Long Island and produced torrential downpours. This caused flash flooding at several locations.,72
5413511,KINGS CO.,NORTH PORTION,06/17/2004,1930,Flash Flood, , ,0,0,0,0,NY,EST, ,1176213,C,47,OKX,0,0,EMERGENCY MANAGER, , , , , , , ,NORTH PORTION,06/17/2004,2000, , , , ,Major street flooding on the expressway due to torrential rainfall.,June 17th featured a nearly stationary warm front that was draped just north of the Tri-State area. The air just south of this front was very moist...with dewpoints in the 70s. During the afternoon...thunderstorms developed near this warm front and moved southeast at a slow rate of speed. These storms passed over portions of New York City and Long Island and produced torrential downpours. This caused flash flooding at several locations.,73
5413467,RICHMOND CO.,EAST PORTION,06/25/2004,1733,Flash Flood, , ,0,0,0,0,NY,EST, ,1176212,C,85,OKX,0,0,EMERGENCY MANAGER, , , , , , , ,EAST PORTION,06/25/2004,1745, , , , ,Intersection of Bay and Water Streets flooded.,A strong cold front crossed the tri-state area on this day. Fairly strong winds were present in the upper levels as well. This set the stage for the development of severe thunderstorms in the afternoon hours over the Lower Hudson Valley. These thunderstorms produced large hail and strong wind gusts. The thunderstorms moved east-southeast...and eventually produced flash flooding in New York City.,74
5413468,RICHMOND CO.,NORTH PORTION,06/25/2004,1744,Flash Flood, , ,0,0,0,0,NY,EST, ,1176212,C,85,OKX,0,0,EMERGENCY MANAGER, , , , , , , ,NORTH PORTION,06/25/2004,1800, , , , ,Several cars trapped in flood waters at intersection of Clove Road and Narrow Road North.,A strong cold front crossed the tri-state area on this day. Fairly strong winds were present in the upper levels as well. This set the stage for the development of severe thunderstorms in the afternoon hours over the Lower Hudson Valley. These thunderstorms produced large hail and strong wind gusts. The thunderstorms moved east-southeast...and eventually produced flash flooding in New York City.,75
5413469,QUEENS CO.,NORTH PORTION,06/25/2004,1746,Flash Flood, , ,0,0,0,0,NY,EST, ,1176212,C,81,OKX,0,0,EMERGENCY MANAGER, , , , , , , ,NORTH PORTION,06/25/2004,1815, , , , ,One car trapped in two feet of water at the intersection of Flushing Avenue and 5 Sixth Street.,A strong cold front crossed the tri-state area on this day. Fairly strong winds were present in the upper levels as well. This set the stage for the development of severe thunderstorms in the afternoon hours over the Lower Hudson Valley. These thunderstorms produced large hail and strong wind gusts. The thunderstorms moved east-southeast...and eventually produced flash flooding in New York City.,76
5413520,QUEENS CO.,NORTH PORTION,07/02/2004,1815,Flash Flood, , ,0,0,0,0,NY,EST, ,1176216,C,81,OKX,0,0,EMERGENCY MANAGER, , , , , , , ,NORTH PORTION,07/02/2004,1845, , , , ,Bell Boulevard and 208 Place intersection flooded with two people having to be rescued from cars.,"Thunderstorms developed in advance of a strong cold front on this day. The thunderstorms produced large hail as they moved through Southern New England. As they moved southeastward into the New York City area, the primary threat was very heavy rain, which caused flash flooding.",77
5413521,BRONX CO.,FORDHAM,07/02/2004,1815,Flash Flood, , ,0,0,0,0,NY,EST, ,1176216,C,5,OKX,0,0,EMERGENCY MANAGER, , , , , , , ,FORDHAM,07/02/2004,1845, , , , ,179th and Major Deegan flooded. Roads closed due to deep water.,"Thunderstorms developed in advance of a strong cold front on this day. The thunderstorms produced large hail as they moved through Southern New England. As they moved southeastward into the New York City area, the primary threat was very heavy rain, which caused flash flooding.",78
5418908,QUEENS CO.,COLLEGE PT,08/11/2004,1404,Flash Flood, , ,2,0,0,0,NY,EST, ,1178433,C,81,OKX,0,0,EMERGENCY MANAGER, , , , , , , ,COLLEGE PT,08/11/2004,1420, , , , ,Flash flooding of roads occurred at College Point. Two occupants of a vehicle were electrocuted by a fallen power line when they apparently stepped out of their vehicle into several feet of water.,"A cold front moved into a humid airmass over the tri-state area on August 11th. Thunderstorms developed along this cold front during the afternoon. Due to the moist airmass in place over the region, the thunderstorms became quite strong to severe. They produced flash flooding, wind damage, and large hail.",79
5418910,QUEENS CO.,FLUSHING,08/11/2004,1500,Flash Flood, , ,0,0,0,0,NY,EST, ,1178433,C,81,OKX,0,0,EMERGENCY MANAGER, , , , , , , ,FLUSHING,08/11/2004,1520, , , , ,Flash flooding from thunderstorms caused basement flooding at Flushing Hospital.,"A cold front moved into a humid airmass over the tri-state area on August 11th. Thunderstorms developed along this cold front during the afternoon. Due to the moist airmass in place over the region, the thunderstorms became quite strong to severe. They produced flash flooding, wind damage, and large hail.",80
5418911,QUEENS CO.,NORTH PORTION,08/11/2004,1500,Flash Flood, , ,0,0,0,0,NY,EST, ,1178433,C,81,OKX,0,0,EMERGENCY MANAGER, , , , , , , ,NORTH PORTION,08/11/2004,1525, , , , ,Thunderstorms with torrential downpours caused significant flash flooding on the Whitestone Expressway and Cross Island Parkway intersection.,"A cold front moved into a humid airmass over the tri-state area on August 11th. Thunderstorms developed along this cold front during the afternoon. Due to the moist airmass in place over the region, the thunderstorms became quite strong to severe. They produced flash flooding, wind damage, and large hail.",81
5418912,QUEENS CO.,(JFK)KENNEDY INL ARP,08/11/2004,1640,Flash Flood, , ,0,0,0,0,NY,EST, ,1178433,C,81,OKX,0,0,EMERGENCY MANAGER, , , , , , , ,(JFK)KENNEDY INL ARP,08/11/2004,1720, , , , ,"John F. Kennedy Airport was flooded by torrential downpours, which resulted in its' closure.","A cold front moved into a humid airmass over the tri-state area on August 11th. Thunderstorms developed along this cold front during the afternoon. Due to the moist airmass in place over the region, the thunderstorms became quite strong to severe. They produced flash flooding, wind damage, and large hail.",82
5422659,NEW YORK CO.,CENTRAL PORTION,09/08/2004,530,Flash Flood, , ,0,0,0,0,NY,EST, ,1180022,C,61,OKX,0,0,EMERGENCY MANAGER, , , , , , , ,CENTRAL PORTION,09/08/2004,545, , , , ,Flash flooding was the cause of flooding on FDR drive. Lanes were closed between 96th and 123rd streets.,"The remnants of Hurricane Frances produced torrential rainfall across Southeastern New York on September 8th. Rainfall amounts ranging from an inch to up to 6 inches were common across the area. This caused extensive flash flooding across the region, resulting in rescues of people from homes and cars.",83
5422660,QUEENS CO.,COUNTYWIDE,09/08/2004,605,Flash Flood, , ,0,0,0,0,NY,EST, ,1180022,C,81,OKX,0,0,EMERGENCY MANAGER, , , , , , , ,COUNTYWIDE,09/08/2004,625, , , , ,"Flash flooding caused numerous road closures across Queens. Major roads closed included the Long Island Expressway, Utopia Parkway, Grand Central Parkway, and The Van Wyck. The Belt Parkway near JFK airport was also flooded.","The remnants of Hurricane Frances produced torrential rainfall across Southeastern New York on September 8th. Rainfall amounts ranging from an inch to up to 6 inches were common across the area. This caused extensive flash flooding across the region, resulting in rescues of people from homes and cars.",84
5422661,BRONX CO.,COUNTYWIDE,09/08/2004,700,Flash Flood, , ,0,0,0,0,NY,EST, ,1180022,C,5,OKX,0,0,EMERGENCY MANAGER, , , , , , , ,COUNTYWIDE,09/08/2004,745, , , , ,Torrential rains caused flash flooding of many roadways in the Bronx. Cars were abandoned at several locations.,"The remnants of Hurricane Frances produced torrential rainfall across Southeastern New York on September 8th. Rainfall amounts ranging from an inch to up to 6 inches were common across the area. This caused extensive flash flooding across the region, resulting in rescues of people from homes and cars.",85
5421467,KINGS CO.,BROOKLYN,09/08/2004,758,Flash Flood, , ,0,0,0,0,NY,EST, ,1180022,C,47,OKX,0,0,EMERGENCY MANAGER, , , , , , , ,BROOKLYN,09/08/2004,810, , , , ,Flash flooding on the BQE at Flushing Boulevard.,"The remnants of Hurricane Frances produced torrential rainfall across Southeastern New York on September 8th. Rainfall amounts ranging from an inch to up to 6 inches were common across the area. This caused extensive flash flooding across the region, resulting in rescues of people from homes and cars.",86
5421469,BRONX CO.,BRONX,09/08/2004,830,Flash Flood, , ,0,0,0,0,NY,EST, ,1180022,C,5,OKX,0,0,EMERGENCY MANAGER, , , , , , , ,BRONX,09/08/2004,845, , , , ,Flash flooding on the Bronx River Parkway.,"The remnants of Hurricane Frances produced torrential rainfall across Southeastern New York on September 8th. Rainfall amounts ranging from an inch to up to 6 inches were common across the area. This caused extensive flash flooding across the region, resulting in rescues of people from homes and cars.",87
5421535,KINGS CO.,SOUTH PORTION,09/18/2004,800,Flash Flood, , ,0,0,0,0,NY,EST, ,1180026,C,47,OKX,0,0,TRAINED SPOTTER, , , , , , , ,SOUTH PORTION,09/18/2004,825, , , , ,Torrential rains caused flash flooding on the Belt Parkway near Bensonhurst. The parkway was closed for a short period of time.,"The remnants of Hurricane Ivan produced torrential rains across Southeast New York. Storm total rainfall reports added up to over 5 inches in some areas. This caused extensive flash flooding of roads and highways across the region. Thunderstorms intensified across the North Fork of Long Island, which produced wind damage in Mattituck.",88
5421539,BRONX CO.,SOUTH PORTION,09/18/2004,850,Flash Flood, , ,0,0,0,0,NY,EST, ,1180026,C,5,OKX,0,0,TRAINED SPOTTER, , , , , , , ,SOUTH PORTION,09/18/2004,920, , , , ,Torrential rains resulted in numerous road closures in and near Rivervale.,"The remnants of Hurricane Ivan produced torrential rains across Southeast New York. Storm total rainfall reports added up to over 5 inches in some areas. This caused extensive flash flooding of roads and highways across the region. Thunderstorms intensified across the North Fork of Long Island, which produced wind damage in Mattituck.",89
5421540,QUEENS CO.,NORTH CENTRAL PORTION,09/18/2004,855,Flash Flood, , ,0,0,0,0,NY,EST, ,1180026,C,81,OKX,0,0,EMERGENCY MANAGER, , , , , , , ,NORTH CENTRAL PORTION,09/18/2004,915, , , , ,Grand Central Parkway flooded. Lane closures near LaGuardia Airport.,"The remnants of Hurricane Ivan produced torrential rains across Southeast New York. Storm total rainfall reports added up to over 5 inches in some areas. This caused extensive flash flooding of roads and highways across the region. Thunderstorms intensified across the North Fork of Long Island, which produced wind damage in Mattituck.",90
5421537,RICHMOND CO.,GREAT KILLS,09/18/2004,858,Flash Flood, , ,0,0,0,0,NY,EST, ,1180026,C,85,OKX,0,0,AMATEUR RADIO, , , , , , , ,GREAT KILLS,09/18/2004,920, , , , ,Very heavy rains resulted in significant street and highway flooding. Several road closures occured in Huguenot and Great Kills.,"The remnants of Hurricane Ivan produced torrential rains across Southeast New York. Storm total rainfall reports added up to over 5 inches in some areas. This caused extensive flash flooding of roads and highways across the region. Thunderstorms intensified across the North Fork of Long Island, which produced wind damage in Mattituck.",91
5421538,NEW YORK CO.,COUNTYWIDE,09/18/2004,920,Flash Flood, , ,0,0,0,0,NY,EST, ,1180026,C,61,OKX,0,0,EMERGENCY MANAGER, , , , , , , ,COUNTYWIDE,09/18/2004,955, , , , ,Torrential rains caused flash flooding that resulted in flooded subways and streets in Manhattan.,"The remnants of Hurricane Ivan produced torrential rains across Southeast New York. Storm total rainfall reports added up to over 5 inches in some areas. This caused extensive flash flooding of roads and highways across the region. Thunderstorms intensified across the North Fork of Long Island, which produced wind damage in Mattituck.",92
5421620,RICHMOND CO.,WEST PORTION,09/28/2004,1630,Flash Flood, , ,0,0,0,0,NY,EST, ,1180030,C,85,OKX,0,0,TRAINED SPOTTER, , , , , , , ,WEST PORTION,09/28/2004,1700, , , , ,All lanes closed on Route 440 due to flash flooding.,The remnants of Hurricane Jeane dropped anywhere between 3 and 6 inches across Southeastern New York State on September 28th. This resulted in numerous occurences of flash flooding across the area.,93
5421688,NEW YORK CO.,EAST PORTION,09/28/2004,1705,Flash Flood, , ,0,0,0,0,NY,EST, ,1180030,C,61,OKX,0,0,EMERGENCY MANAGER, , , , , , , ,EAST PORTION,09/28/2004,1755, , , , ,FDR Drive closed due to flash flooding.,The remnants of Hurricane Jeane dropped anywhere between 3 and 6 inches across Southeastern New York State on September 28th. This resulted in numerous occurences of flash flooding across the area.,94
5421687,BRONX CO.,CENTRAL PORTION,09/28/2004,1715,Flash Flood, , ,0,0,0,0,NY,EST, ,1180030,C,5,OKX,0,0,BROADCAST MEDIA, , , , , , , ,CENTRAL PORTION,09/28/2004,1800, , , , ,Bronx River Parkway closed at Hartsdale due to flash flooding.,The remnants of Hurricane Jeane dropped anywhere between 3 and 6 inches across Southeastern New York State on September 28th. This resulted in numerous occurences of flash flooding across the area.,95
5421689,KINGS CO.,SOUTH PORTION,09/28/2004,1725,Flash Flood, , ,0,0,0,0,NY,EST, ,1180030,C,47,OKX,0,0,TRAINED SPOTTER, , , , , , , ,SOUTH PORTION,09/28/2004,1800, , , , ,Belt Parkway closed due to flash flooding.,The remnants of Hurricane Jeane dropped anywhere between 3 and 6 inches across Southeastern New York State on September 28th. This resulted in numerous occurences of flash flooding across the area.,96
5421690,QUEENS CO.,WOODSIDE,09/28/2004,1800,Flash Flood, , ,0,0,0,0,NY,EST, ,1180030,C,81,OKX,0,0,TRAINED SPOTTER, , , , , , , ,WOODSIDE,09/28/2004,1845, , , , ,Major highways and roads closed due to flash flooding.,The remnants of Hurricane Jeane dropped anywhere between 3 and 6 inches across Southeastern New York State on September 28th. This resulted in numerous occurences of flash flooding across the area.,97
5421691,BRONX CO.,CENTRAL PORTION,09/28/2004,1850,Flash Flood, , ,0,0,0,0,NY,EST, ,1180030,C,5,OKX,0,0,TRAINED SPOTTER, , , , , , , ,CENTRAL PORTION,09/28/2004,1925, , , , ,Sawmill River Parkway closed due to flash flooding.,The remnants of Hurricane Jeane dropped anywhere between 3 and 6 inches across Southeastern New York State on September 28th. This resulted in numerous occurences of flash flooding across the area.,98
5421692,NEW YORK CO.,EAST CENTRAL PORTION,09/28/2004,1901,Flash Flood, , ,0,0,0,0,NY,EST, ,1180030,C,61,OKX,0,0,EMERGENCY MANAGER, , , , , , , ,EAST CENTRAL PORTION,09/28/2004,1930, , , , ,FDR drive closed due to flash flooding.,The remnants of Hurricane Jeane dropped anywhere between 3 and 6 inches across Southeastern New York State on September 28th. This resulted in numerous occurences of flash flooding across the area.,99
5421693,KINGS CO.,SOUTH PORTION,09/28/2004,1910,Flash Flood, , ,0,0,0,0,NY,EST, ,1180030,C,47,OKX,0,0,TRAINED SPOTTER, , , , , , , ,SOUTH PORTION,09/28/2004,1940, , , , ,Numerous roads closed due to flash flooding. Belt Parkway closed.,The remnants of Hurricane Jeane dropped anywhere between 3 and 6 inches across Southeastern New York State on September 28th. This resulted in numerous occurences of flash flooding across the area.,100
5421701,RICHMOND CO.,WEST PORTION,09/28/2004,2000,Flash Flood, , ,0,0,0,0,NY,EST, ,1180030,C,85,OKX,0,0,TRAINED SPOTTER, , , , , , , ,WEST PORTION,09/28/2004,2100, , , , ,Route 440 closed due to a foot of water on the road.,The remnants of Hurricane Jeane dropped anywhere between 3 and 6 inches across Southeastern New York State on September 28th. This resulted in numerous occurences of flash flooding across the area.,101
5421699,KINGS CO.,SOUTH PORTION,09/28/2004,2045,Flash Flood, , ,0,0,0,0,NY,EST, ,1180030,C,47,OKX,0,0,TRAINED SPOTTER, , , , , , , ,SOUTH PORTION,09/28/2004,2130, , , , ,Significant street flooding in Graves End.,The remnants of Hurricane Jeane dropped anywhere between 3 and 6 inches across Southeastern New York State on September 28th. This resulted in numerous occurences of flash flooding across the area.,102
5421700,QUEENS CO.,COUNTYWIDE,09/28/2004,2100,Flash Flood, , ,0,0,0,0,NY,EST, ,1180030,C,81,OKX,0,0,TRAINED SPOTTER, , , , , , , ,COUNTYWIDE,09/28/2004,2130, , , , ,Significant street flooding across Queens. BQE experienced major flash flooding.,The remnants of Hurricane Jeane dropped anywhere between 3 and 6 inches across Southeastern New York State on September 28th. This resulted in numerous occurences of flash flooding across the area.,103
5421696,BRONX CO.,NORTH PORTION,09/28/2004,2145,Flash Flood, , ,0,0,0,0,NY,EST, ,1180030,C,5,OKX,0,0,TRAINED SPOTTER, , , , , , , ,NORTH PORTION,09/28/2004,2200, , , , ,Roads closed due to flash flooding.,The remnants of Hurricane Jeane dropped anywhere between 3 and 6 inches across Southeastern New York State on September 28th. This resulted in numerous occurences of flash flooding across the area.,104
5421698,NEW YORK CO.,EAST PORTION,09/28/2004,2145,Flash Flood, , ,0,0,0,0,NY,EST, ,1180030,C,61,OKX,0,0,EMERGENCY MANAGER, , , , , , , ,EAST PORTION,09/28/2004,2215, , , , ,FDR drive closed once again due to flash flooding.,The remnants of Hurricane Jeane dropped anywhere between 3 and 6 inches across Southeastern New York State on September 28th. This resulted in numerous occurences of flash flooding across the area.,105
5463760,KINGS CO.,WEST PORTION,07/06/2005,1830,Flash Flood, , ,0,0,0,0,NY,EST, ,1195421,C,47,OKX,0,0,NEWSPAPER, , , , , , , ,WEST PORTION,07/06/2005,1840,40.65,-73.96667,40.65,-73.96667,Strong thunderstorms containing torrential downpours caused flash flooding of streets and businesses. Flash flood waters submerged 9th street between 2nd and 3rd avenues with between 3 and 5 feet of water in a very short period of time.,Slow moving thunderstorms containing hourly rainfall rates of around 2 inches per hour caused flash flooding of streets in parts of New York City.,106
5481960,KINGS CO.,COUNTYWIDE,10/14/2005,1600,Flash Flood, , ,0,0,0,0,NY,EST, ,1201191,C,47,OKX,0,0,TRAINED SPOTTER, , , , , , , ,COUNTYWIDE,10/14/2005,1700,40.65,-73.96667,40.65,-73.96667,,"Periods of heavy rain continued throughout the day. Bands of torrential rain produced widespread and significant flash flooding of low lying and poor drainage areas, including streets, basements, roofs, and ceilings, as well as small creeks throughout Nassau and Suffolk Counties. Trained spotters reported up to 6 feet of water in basements throughout Massapequa. They reported serious flooding along Ocean Parkway in Brooklyn, where cars were submerged, and the Grand Central Parkway in Queens. Several trees and power poles were leaning from soggy ground. Preliminary damage cost estimates were $22 million for Long Island.",107
5481961,QUEENS CO.,COUNTYWIDE,10/14/2005,1600,Flash Flood, , ,0,0,0,0,NY,EST, ,1201191,C,81,OKX,0,0,TRAINED SPOTTER, , , , , , , ,COUNTYWIDE,10/14/2005,1700,40.7,-73.85,40.7,-73.85,,"Periods of heavy rain continued throughout the day. Bands of torrential rain produced widespread and significant flash flooding of low lying and poor drainage areas, including streets, basements, roofs, and ceilings, as well as small creeks throughout Nassau and Suffolk Counties. Trained spotters reported up to 6 feet of water in basements throughout Massapequa. They reported serious flooding along Ocean Parkway in Brooklyn, where cars were submerged, and the Grand Central Parkway in Queens. Several trees and power poles were leaning from soggy ground. Preliminary damage cost estimates were $22 million for Long Island.",108
5515012,RICHMOND CO.,WEST CENTRAL PORTION,06/01/2006,1900,Flash Flood, , ,0,0,0,0,NY,EST, ,1212708,C,85,OKX,0,0,EMERGENCY MANAGER, , , , , , , ,WEST CENTRAL PORTION,06/01/2006,2000, , , , ,Flash flooding on the West Shore Expressway.,"Thunderstorms developed in a moist and unstable atmosphere on June 1st. Not only did the storms produce very heavy rain and strong winds, they were also prolific lightning producers.",109
5515023,QUEENS CO.,FLUSHING,06/02/2006,1530,Flash Flood, , ,0,0,0,0,NY,EST, ,1212711,C,81,OKX,0,0,EMERGENCY MANAGER, , , , , , , ,FLUSHING,06/02/2006,1600, , , , ,Heavy rainfall caused flash flooding of roadways.,Anywhere between 2 and 4 inches of rain fell across New York City from late afternoon into the evening hours on June 2nd due to thunderstorms that tapped a very moist and unstable airmass. Central Park recorded 3.53 inches of rainfall.,110
5515022,NEW YORK CO.,EAST CENTRAL PORTION,06/02/2006,1530,Flash Flood, , ,0,0,0,0,NY,EST, ,1212711,C,61,OKX,0,0,EMERGENCY MANAGER, , , , , , , ,EAST CENTRAL PORTION,06/02/2006,1630, , , , ,"Flash flooding occurred on the FDR, causing it to be closed.",Anywhere between 2 and 4 inches of rain fell across New York City from late afternoon into the evening hours on June 2nd due to thunderstorms that tapped a very moist and unstable airmass. Central Park recorded 3.53 inches of rainfall.,111
5515021,RICHMOND CO.,COUNTYWIDE,06/02/2006,1600,Flash Flood, , ,0,0,0,0,NY,EST, ,1212711,C,85,OKX,0,0,NEWSPAPER, , , , , , , ,COUNTYWIDE,06/02/2006,1700, , , , ,Rainfall falling at the rate of nearly two inches per hour caused flash flooding of streets across Staten Island. Hylan Blvd was affected the worst with at least a foot of water being observed flowing swiftly down the street.,Anywhere between 2 and 4 inches of rain fell across New York City from late afternoon into the evening hours on June 2nd due to thunderstorms that tapped a very moist and unstable airmass. Central Park recorded 3.53 inches of rainfall.,112
5515083,RICHMOND CO.,HUGUENOT,06/29/2006,1800,Flash Flood, , ,0,0,0,0,NY,EST, ,1212716,C,85,OKX,0,0,LAW ENFORCEMENT, , , , , , , ,HUGUENOT,06/29/2006,1900, , , , ,Flash flooding of roads submerged vehicles. A few houses were surrounded by 5 feet of water.,"Slow moving thunderstorms produced a wide array of severe weather. Flash flooding, large hail, and damaging winds were all experienced when thunderstorms ignited in a very moist and unstable airmass during the afternoon and evening of June 29th.",113
5515084,NEW YORK CO.,EAST PORTION,06/29/2006,1830,Flash Flood, , ,0,0,0,0,NY,EST, ,1212716,C,61,OKX,0,0,LAW ENFORCEMENT, , , , , , , ,EAST PORTION,06/29/2006,1900, , , , ,Major flash flooding on FDR Drive.,"Slow moving thunderstorms produced a wide array of severe weather. Flash flooding, large hail, and damaging winds were all experienced when thunderstorms ignited in a very moist and unstable airmass during the afternoon and evening of June 29th.",114
5526011,NEW YORK CO.,NEW YORK,07/12/2006,1620,Flash Flood, , ,0,0,0,0,NY,EST, ,1218230,C,61,OKX,0,0,TRAINED SPOTTER, , , , , , , ,NEW YORK,07/12/2006,1635, , , , ,,"Two severe weather episodes occurred during July 12th: the first occurred during the afternoon from around 2:30 pm until 6:30 pm, the second from around 11 pm until 1:30 am on the 13th. | Both severe weather episodes brought damaging winds, including a tornado that developed in Grandview On Hudson in Rockland County and tracked east to northeast across Central Westchester County as an F2 tornado before it dissipated east of North Greenwich in Fairfield County, Connecticut. Thunderstorms also produced torrential rain that caused flash flooding of the FDR service road at 34th Street in the Murray Hill Section of Manhattan. | During the second episode, emergency managers reported a wall collapse in Washington Heights between 10th and 11th Avenues. A trained spotter reported downed trees in Syosset. Law enforcement reported downed trees and power lines in Huntington, Dix Hills, Commack, and Greenlawn. Thunderstorms produced flash flooding in East Meadow and Nesconset, which resulted in road closures.",115
5525896,QUEENS CO.,CENTRAL PORTION,07/21/2006,1610,Flash Flood, , ,0,0,0,0,NY,EST, ,1218217,C,81,OKX,0,0,BROADCAST MEDIA, , , , , , , ,CENTRAL PORTION,07/21/2006,1649, , , , ,,"Severe thunderstorms produced high wind gusts estimated at 60 mph two miles west of Huguenot in Staten Island and in Brooklyn Heights. | Thunderstorms produced torrential rain that caused flash flooding of low lying and poor drainage areas. Flash flooding caused partial road closures on the Staten Island Expressway, the Belt Parkway and the Brooklyn Queens Expressway, and the Grand Central Parkway and Van Wyck Expressway in Queens. All lanes were closed on the Grand Central Parkway at 75th Street at 5:10 pm EDT and near the intersection of the Grand Central and Van Wyck at 5:20 pm EDT. Flooding also occurred along the Van Wyck in Kew Gardens around 5:30 pm. In Manhattan, subway service was suspended in both directions on the R and W lines between Whitehall Street in Manhattan and Ditmars Blvd. in Queens. In Southern Westchester County, flash flooding caused closure of the Hutchinson River Parkway at East Lincoln Ave. and a mud slide closed part of the Saw Mill River Parkway in Yonkers. | Lightning struck and injured a 36 year old male in Glen Oaks near the intersection of 255th Street and 25th Avenue around 10:06 am EDT in Queens. | Lightning struck and injured a male in East Manhattan on East 99th Street around 3:10 pm EDT.",116
5525894,RICHMOND CO.,NEW DORP,07/21/2006,1612,Flash Flood, , ,0,0,0,0,NY,EST, ,1218217,C,85,OKX,0,0,BROADCAST MEDIA, , , ,3,N,3,N,NEW DORP,07/21/2006,1627, , , , ,,"Severe thunderstorms produced high wind gusts estimated at 60 mph two miles west of Huguenot in Staten Island and in Brooklyn Heights. | Thunderstorms produced torrential rain that caused flash flooding of low lying and poor drainage areas. Flash flooding caused partial road closures on the Staten Island Expressway, the Belt Parkway and the Brooklyn Queens Expressway, and the Grand Central Parkway and Van Wyck Expressway in Queens. All lanes were closed on the Grand Central Parkway at 75th Street at 5:10 pm EDT and near the intersection of the Grand Central and Van Wyck at 5:20 pm EDT. Flooding also occurred along the Van Wyck in Kew Gardens around 5:30 pm. In Manhattan, subway service was suspended in both directions on the R and W lines between Whitehall Street in Manhattan and Ditmars Blvd. in Queens. In Southern Westchester County, flash flooding caused closure of the Hutchinson River Parkway at East Lincoln Ave. and a mud slide closed part of the Saw Mill River Parkway in Yonkers. | Lightning struck and injured a 36 year old male in Glen Oaks near the intersection of 255th Street and 25th Avenue around 10:06 am EDT in Queens. | Lightning struck and injured a male in East Manhattan on East 99th Street around 3:10 pm EDT.",117
5525900,NEW YORK CO.,NEW YORK,07/21/2006,1635,Flash Flood, , ,0,0,0,0,NY,EST, ,1218217,C,61,OKX,0,0,BROADCAST MEDIA, , , , , , , ,NEW YORK,07/21/2006,1644, , , , ,,"Severe thunderstorms produced high wind gusts estimated at 60 mph two miles west of Huguenot in Staten Island and in Brooklyn Heights. | Thunderstorms produced torrential rain that caused flash flooding of low lying and poor drainage areas. Flash flooding caused partial road closures on the Staten Island Expressway, the Belt Parkway and the Brooklyn Queens Expressway, and the Grand Central Parkway and Van Wyck Expressway in Queens. All lanes were closed on the Grand Central Parkway at 75th Street at 5:10 pm EDT and near the intersection of the Grand Central and Van Wyck at 5:20 pm EDT. Flooding also occurred along the Van Wyck in Kew Gardens around 5:30 pm. In Manhattan, subway service was suspended in both directions on the R and W lines between Whitehall Street in Manhattan and Ditmars Blvd. in Queens. In Southern Westchester County, flash flooding caused closure of the Hutchinson River Parkway at East Lincoln Ave. and a mud slide closed part of the Saw Mill River Parkway in Yonkers. | Lightning struck and injured a 36 year old male in Glen Oaks near the intersection of 255th Street and 25th Avenue around 10:06 am EDT in Queens. | Lightning struck and injured a male in East Manhattan on East 99th Street around 3:10 pm EDT.",118
5525895,KINGS CO.,WEST PORTION,07/21/2006,1636,Flash Flood, , ,0,0,0,0,NY,EST, ,1218217,C,47,OKX,0,0,BROADCAST MEDIA, , , , , , , ,WEST PORTION,07/21/2006,1651, , , , ,,"Severe thunderstorms produced high wind gusts estimated at 60 mph two miles west of Huguenot in Staten Island and in Brooklyn Heights. | Thunderstorms produced torrential rain that caused flash flooding of low lying and poor drainage areas. Flash flooding caused partial road closures on the Staten Island Expressway, the Belt Parkway and the Brooklyn Queens Expressway, and the Grand Central Parkway and Van Wyck Expressway in Queens. All lanes were closed on the Grand Central Parkway at 75th Street at 5:10 pm EDT and near the intersection of the Grand Central and Van Wyck at 5:20 pm EDT. Flooding also occurred along the Van Wyck in Kew Gardens around 5:30 pm. In Manhattan, subway service was suspended in both directions on the R and W lines between Whitehall Street in Manhattan and Ditmars Blvd. in Queens. In Southern Westchester County, flash flooding caused closure of the Hutchinson River Parkway at East Lincoln Ave. and a mud slide closed part of the Saw Mill River Parkway in Yonkers. | Lightning struck and injured a 36 year old male in Glen Oaks near the intersection of 255th Street and 25th Avenue around 10:06 am EDT in Queens. | Lightning struck and injured a male in East Manhattan on East 99th Street around 3:10 pm EDT.",119
5531724,NEW YORK CO.,CENTRAL PORTION,08/10/2006,1900,Flash Flood, , ,0,0,0,0,NY,EST, ,1220630,C,61,OKX,0,0,BROADCAST MEDIA, , , , , , , ,CENTRAL PORTION,08/10/2006,1930, , , , ,,"An area of heavy showers and thunderstorms produced flash flooding across portions of New York City. Flash flooding forced closure of subway lines 1, 2, 3, and 6.",120
5531725,QUEENS CO.,BROAD CHANNEL,08/10/2006,1900,Flash Flood, , ,0,0,0,0,NY,EST, ,1220630,C,81,OKX,0,0,BROADCAST MEDIA, , , , , , , ,BROAD CHANNEL,08/10/2006,1930, , , , ,,"An area of heavy showers and thunderstorms produced flash flooding across portions of New York City. Flash flooding forced closure of subway lines 1, 2, 3, and 6.",121
5531730,BRONX CO.,CENTRAL PORTION,08/25/2006,1017,Flash Flood, , ,0,0,0,0,NY,EST, ,1220635,C,5,OKX,0,0,EMERGENCY MANAGER, , , , , , , ,CENTRAL PORTION,08/25/2006,1032, , , , ,,"Heavy showers and thunderstorms produced flash flooding along many major roads, which resulted in road closures. The most significant flooding occurred along the Deegan and Cross Bronx Expressways, about 2 miles west of East Tremont in the Bronx; along Northern Blvd. of Jackson Heights in Queens; and along the railroad train tracks, Wantagh Ave. and North Jerusalem Road in Wantagh, where up to 3 feet of water submerged cars. Significant flooding, which resulted in road closures, also occurred in Yaphank. Up to 2.20 inches of rain was measured in Lake Grove. | A severe thunderstorm produced a weak F0 tornado as it moved across extreme southeast Nassau County and extreme southwest Suffolk County between 12 Noon and 12:15 pm EDT. This was confirmed by a NWS Storm Survey team. The tornado's path length was only about one quarter mile long and its' maximum path width was around 150 yards. There was significant tree damage along its' path. Rotation was evident in the tops of many trees. The most damage occurred in East Massapequa between Merrick Road and Route 27A, Old Sunrise Highway. It was concentrated around Clocks Blvd. southeast across Melrose Ave. and County Line Road, then across Amityville's Old Fields and Homestead Avenues. The tornado lifted into the parent cloud before reaching South Ketcham Avenue. | This severe thunderstorm produced damaging winds, large hail, and torrential rain along its' path. Large tree branches were downed in Wantagh. Quarter size hail was reported in Farmingdale. Flash flooding also occurred along its' path.",122
5531731,QUEENS CO.,WOODSIDE,08/25/2006,1025,Flash Flood, , ,0,0,0,0,NY,EST, ,1220635,C,81,OKX,0,0,TRAINED SPOTTER, , , ,2,NE,2,NE,WOODSIDE,08/25/2006,1040, , , , ,,"Heavy showers and thunderstorms produced flash flooding along many major roads, which resulted in road closures. The most significant flooding occurred along the Deegan and Cross Bronx Expressways, about 2 miles west of East Tremont in the Bronx; along Northern Blvd. of Jackson Heights in Queens; and along the railroad train tracks, Wantagh Ave. and North Jerusalem Road in Wantagh, where up to 3 feet of water submerged cars. Significant flooding, which resulted in road closures, also occurred in Yaphank. Up to 2.20 inches of rain was measured in Lake Grove. | A severe thunderstorm produced a weak F0 tornado as it moved across extreme southeast Nassau County and extreme southwest Suffolk County between 12 Noon and 12:15 pm EDT. This was confirmed by a NWS Storm Survey team. The tornado's path length was only about one quarter mile long and its' maximum path width was around 150 yards. There was significant tree damage along its' path. Rotation was evident in the tops of many trees. The most damage occurred in East Massapequa between Merrick Road and Route 27A, Old Sunrise Highway. It was concentrated around Clocks Blvd. southeast across Melrose Ave. and County Line Road, then across Amityville's Old Fields and Homestead Avenues. The tornado lifted into the parent cloud before reaching South Ketcham Avenue. | This severe thunderstorm produced damaging winds, large hail, and torrential rain along its' path. Large tree branches were downed in Wantagh. Quarter size hail was reported in Farmingdale. Flash flooding also occurred along its' path.",123
3914,BRONX CO.,BRONX,10/28/2006,1250,Flash Flood, , ,0,0,0,0,NY,EST-5, ,899,C,5,OKX,0,0,Broadcast Media,Heavy Rain, , ,0,N,0,N,BRONX,10/28/2006,1305,40.83,-73.9,40.83,-73.9,Heavy rain produced flash flooding along portions of the Bronx River Parkway and Bruckner Expressway in East Tremont.,"Heavy rain caused flash flooding of many urban areas where poor drainage occurs.|Radar showed two areas of heavy rainfall; one area extending northeast across northern portions of NYC, Eastern Rockland, Westchester, and Eastern Putnam Counties; the other area across Suffolk County. From 8 am until 2 pm during Saturday, October 28th, from 1.0 to 1.5 inches of rain fell across parts of Suffolk County.|Storm Total Rainfall amounts for:|Kings County - 1.60 inches was measured at Sheepshead Bay.|Nassau County - from 1.27 inches at Bellmore to 2.75 inches at Plainview.|New York County - 2.54 inches was measured at Central Park.|Orange County - from 1.75 inches at Westtown to 2.60 inches at Middletown.|Putnam County - 1.50 inches was measured at Mahopac.|Queens County - from 1.41 inches at JFK Airport to 2.03 inches at LaGuardia Airport.|Suffolk County - from 2.08 inches at Montauk to 3.39 inches at Nesconset.|Westchester County - 3.21 inches was measured at White Plains.",124
5039,RICHMOND CO.,TOTTENVILLE,11/08/2006,1400,Flash Flood, , ,0,0,0,0,NY,EST-5, ,1128,C,85,OKX,0,0,Newspaper,Heavy Rain, , ,0,N,0,N,RICHMOND VLY,11/08/2006,1800,40.5,-74.23,40.52,-74.25,Heavy rain flooded multiple basements and closed numerous streets. Staten Island Railroad service was suspended as well due to flash flooding across tracks.,An area of low pressure moved from Cape Hatteras to south of Long Island on the 8th. It produced heavy rainfall and caused areas of flash flooding and some small streams and creeks to exceed their banks. Rainfall amounts ranged from 1.5 to 3.5 inches over the Lower Hudson Valley and New York City Metro area.,125
29911,BRONX CO.,FORDHAM,04/27/2007,823,Flash Flood, , ,0,0,0,0,NY,EST-5, ,5136,C,5,OKX,0,0,Broadcast Media,Heavy Rain, , ,0,N,0,N,FORDHAM,04/27/2007,1000,40.87,-73.88,40.87,-73.88,,"A low pressure system moved northeast from the Mid Atlantic States across Northeast New Jersey and Eastern Connecticut on the 27th. A band of heavy rain occurred across Northeast New Jersey northeast across Southern Westchester County, mainly south of I-287, then across Southern Fairfield and New Haven Counties in Connecticut. Storm total rainfall amounts ranged from 2 to 3 inches, which resulted in flash flooding across parts of the region.|Storm total rainfall amounts for:|Southern Westchester County - 2.71 inches was measured at Westchester County Airport.|New York City - 2.04 inches was measured at Central Park.|The broadcast media reported flash flooding of the:|Jackie Robinson Parkway west bound at Forest Park in Queens at 10:09 am.|West Side Highway north bound between 79th Street West and 125th Street West in Manhattan at 10:10 am.|Cross County Parkway in both directions at the Bronx River Parkway on ramp and the Hutchinson River Parkway in both directions at Lincoln Avenue in Mount Vernon at 12:24 pm, and the Sprain Brook Parkway south bound after Route 100 in Yonkers at 12:24 pm.",126
29912,QUEENS CO.,RICHMOND HILL,04/27/2007,909,Flash Flood, , ,0,0,0,0,NY,EST-5, ,5136,C,81,OKX,0,0,Broadcast Media,Heavy Rain, , ,2,N,2,N,RICHMOND HILL,04/27/2007,1000,40.7289,-73.82,40.7289,-73.82,,"A low pressure system moved northeast from the Mid Atlantic States across Northeast New Jersey and Eastern Connecticut on the 27th. A band of heavy rain occurred across Northeast New Jersey northeast across Southern Westchester County, mainly south of I-287, then across Southern Fairfield and New Haven Counties in Connecticut. Storm total rainfall amounts ranged from 2 to 3 inches, which resulted in flash flooding across parts of the region.|Storm total rainfall amounts for:|Southern Westchester County - 2.71 inches was measured at Westchester County Airport.|New York City - 2.04 inches was measured at Central Park.|The broadcast media reported flash flooding of the:|Jackie Robinson Parkway west bound at Forest Park in Queens at 10:09 am.|West Side Highway north bound between 79th Street West and 125th Street West in Manhattan at 10:10 am.|Cross County Parkway in both directions at the Bronx River Parkway on ramp and the Hutchinson River Parkway in both directions at Lincoln Avenue in Mount Vernon at 12:24 pm, and the Sprain Brook Parkway south bound after Route 100 in Yonkers at 12:24 pm.",127
29916,NEW YORK CO.,CENTRAL PARK,04/27/2007,910,Flash Flood, , ,0,0,0,0,NY,EST-5, ,5136,C,61,OKX,0,0,Broadcast Media,Heavy Rain, , ,0,N,0,N,CENTRAL PARK,04/27/2007,910,40.78,-73.95,40.78,-73.95,,"A low pressure system moved northeast from the Mid Atlantic States across Northeast New Jersey and Eastern Connecticut on the 27th. A band of heavy rain occurred across Northeast New Jersey northeast across Southern Westchester County, mainly south of I-287, then across Southern Fairfield and New Haven Counties in Connecticut. Storm total rainfall amounts ranged from 2 to 3 inches, which resulted in flash flooding across parts of the region.|Storm total rainfall amounts for:|Southern Westchester County - 2.71 inches was measured at Westchester County Airport.|New York City - 2.04 inches was measured at Central Park.|The broadcast media reported flash flooding of the:|Jackie Robinson Parkway west bound at Forest Park in Queens at 10:09 am.|West Side Highway north bound between 79th Street West and 125th Street West in Manhattan at 10:10 am.|Cross County Parkway in both directions at the Bronx River Parkway on ramp and the Hutchinson River Parkway in both directions at Lincoln Avenue in Mount Vernon at 12:24 pm, and the Sprain Brook Parkway south bound after Route 100 in Yonkers at 12:24 pm.",128
43355,KINGS CO.,BROOKLYN,06/04/2007,825,Flash Flood, , ,0,0,0,0,NY,EST-5, ,7548,C,47,OKX,0,0,Broadcast Media,Heavy Rain, , ,0,WSW,0,N,BROOKLYN,06/04/2007,840,40.65,-73.93,40.65,-73.93,Flash Flooding on Prospect Expressway (Rt 27) at Fort Hamilton Parkway.,Heavy rain from the remnants of Tropical Storm Barry caused flash flooding in parts of Southeast New York. Rainfall amounts ranged from just under 4 inches in Central Park to just under an inch at Montauk Point...with most locations across Southeast New York receiving between 1.5 and 3 inches of rainfall. Wind gusts if 30-40 mph produced sporadic instances of minor tree damage.,129
43356,NEW YORK CO.,CENTRAL PARK,06/04/2007,914,Flash Flood, , ,0,0,0,0,NY,EST-5, ,7548,C,61,OKX,0,0,Broadcast Media,Heavy Rain, , ,3,N,3,N,CENTRAL PARK,06/04/2007,929,40.8234,-73.95,40.8234,-73.95,Flash Flooding of Henry Hudson Parkway (RT 9) Southbound after Dyckman St.,Heavy rain from the remnants of Tropical Storm Barry caused flash flooding in parts of Southeast New York. Rainfall amounts ranged from just under 4 inches in Central Park to just under an inch at Montauk Point...with most locations across Southeast New York receiving between 1.5 and 3 inches of rainfall. Wind gusts if 30-40 mph produced sporadic instances of minor tree damage.,130
43357,QUEENS CO.,FLUSHING,06/04/2007,917,Flash Flood, , ,0,0,0,0,NY,EST-5, ,7548,C,81,OKX,0,0,Broadcast Media,Heavy Rain, , ,0,ESE,0,N,FLUSHING,06/04/2007,1056,40.75,-73.83,40.75,-73.83,All lanes on Jackie Robinson Parkway at Myrtle Avenue closed due to flash flooding.,Heavy rain from the remnants of Tropical Storm Barry caused flash flooding in parts of Southeast New York. Rainfall amounts ranged from just under 4 inches in Central Park to just under an inch at Montauk Point...with most locations across Southeast New York receiving between 1.5 and 3 inches of rainfall. Wind gusts if 30-40 mph produced sporadic instances of minor tree damage.,131
43358,BRONX CO.,BRONX,06/04/2007,1000,Flash Flood, , ,0,0,0,0,NY,EST-5, ,7548,C,5,OKX,0,0,Broadcast Media,Heavy Rain, , ,0,N,0,N,BRONX,06/04/2007,1015,40.83,-73.9,40.83,-73.9,Flash Flooding of Major Deegan Expressway (I-87) Soutbound at 230th St (W).,Heavy rain from the remnants of Tropical Storm Barry caused flash flooding in parts of Southeast New York. Rainfall amounts ranged from just under 4 inches in Central Park to just under an inch at Montauk Point...with most locations across Southeast New York receiving between 1.5 and 3 inches of rainfall. Wind gusts if 30-40 mph produced sporadic instances of minor tree damage.,132
43153,QUEENS CO.,FLUSHING,06/27/2007,1907,Flash Flood, , ,0,0,0,0,NY,EST-5, ,7501,C,81,OKX,0,0,Broadcast Media,Heavy Rain, , ,0,SW,0,N,FLUSHING,06/27/2007,2130,40.75,-73.83,40.75,-73.83,"Torrential rain also caused flash flooding along I-678 north bound near the Grand Central Parkway in Flushing, and up to 2 feet of water on rail road tracks in Jamaica. Flooding also blocked all lanes on portions of the Jackie Robinson Parkway between the Bronx-Queens Expressway and Van Wyck Expressway.","Severe thunderstorms produced flash flooding, hail, and high winds across parts of the region.",133
50027,NEW YORK CO.,NEW YORK,07/11/2007,1710,Flash Flood, , ,0,0,0,0,NY,EST-5, ,8750,C,61,OKX,0,0,Broadcast Media,Heavy Rain, , ,1,SSW,1,SSW,NEW YORK,07/11/2007,1745,40.7102,-74.0108,40.7102,-74.0108,Flooding on West Side Highway.,"A passing cold front produced showers and thunderstorms ahead of it, producing heavy rainfall across New York City. Rainfall amounts ranged around 1 inch, producing areas of flash flooding.",134
52207,NEW YORK CO.,CENTRAL PARK,07/18/2007,639,Flash Flood, , ,0,0,0,0,NY,EST-5, ,9275,C,61,OKX,0,0,Emergency Manager,Heavy Rain, , ,1,N,1,N,CENTRAL PARK,07/18/2007,654,40.7945,-73.95,40.7945,-73.95,Flash flooding closed portions of the FDR Drive at 106th Street and 78th Street.,"A cluster of heavy thunderstorms produced torrential rain that resulted in widespread and significant flash flooding across the region. Maximum 1 hour rainfall rates were estimated at 2 to 3 inches. The storm total rainfall for this event ranged from around 3 to 6 inches. Nassau Community College measured 5.18 inches. Other amounts included 4.20 inches in Holtsville and 3.35 inches in Fresh Meadows.||Thunderstorms produced many frequent and intense lightning strikes that resulted in more than 20,000 customers without power across portions of Long Island, as reported by the Long Island Power Authority.||A severe thunderstorm produced an EF1 tornado in East Islip Terrace.",135
52209,QUEENS CO.,FLUSHING,07/18/2007,645,Flash Flood, , ,0,0,0,0,NY,EST-5, ,9275,C,81,OKX,0,0,Emergency Manager,Heavy Rain, , ,0,SSW,1,SE,BAYSIDE,07/18/2007,658,40.75,-73.83,40.7398,-73.7665,"Flash flooding occurred along portions of the Long Island Expressway at Exit 18, Maurice Avenue and at Northern Blvd. on the Cross Island Parkway.","A cluster of heavy thunderstorms produced torrential rain that resulted in widespread and significant flash flooding across the region. Maximum 1 hour rainfall rates were estimated at 2 to 3 inches. The storm total rainfall for this event ranged from around 3 to 6 inches. Nassau Community College measured 5.18 inches. Other amounts included 4.20 inches in Holtsville and 3.35 inches in Fresh Meadows.||Thunderstorms produced many frequent and intense lightning strikes that resulted in more than 20,000 customers without power across portions of Long Island, as reported by the Long Island Power Authority.||A severe thunderstorm produced an EF1 tornado in East Islip Terrace.",136
52217,KINGS CO.,CONEY IS,07/18/2007,705,Flash Flood, , ,0,0,0,0,NY,EST-5, ,9275,C,47,OKX,0,0,Broadcast Media,Heavy Rain, , ,3,NW,3,NW,CONEY IS,07/18/2007,720,40.62,-74.02,40.62,-74.02,"Flash flooding occurred along portions of the Gowanus Expressway near I-278, Brooklyn Queens Expressway.","A cluster of heavy thunderstorms produced torrential rain that resulted in widespread and significant flash flooding across the region. Maximum 1 hour rainfall rates were estimated at 2 to 3 inches. The storm total rainfall for this event ranged from around 3 to 6 inches. Nassau Community College measured 5.18 inches. Other amounts included 4.20 inches in Holtsville and 3.35 inches in Fresh Meadows.||Thunderstorms produced many frequent and intense lightning strikes that resulted in more than 20,000 customers without power across portions of Long Island, as reported by the Long Island Power Authority.||A severe thunderstorm produced an EF1 tornado in East Islip Terrace.",137
52213,QUEENS CO.,BAYSIDE,07/18/2007,709,Flash Flood, , ,0,0,0,0,NY,EST-5, ,9275,C,81,OKX,0,0,Emergency Manager,Heavy Rain, , ,0,NW,0,N,BAYSIDE,07/18/2007,724,40.75,-73.78,40.75,-73.78,Flash flooding of the Clearview Expressway occurred at 35th Avenue.,"A cluster of heavy thunderstorms produced torrential rain that resulted in widespread and significant flash flooding across the region. Maximum 1 hour rainfall rates were estimated at 2 to 3 inches. The storm total rainfall for this event ranged from around 3 to 6 inches. Nassau Community College measured 5.18 inches. Other amounts included 4.20 inches in Holtsville and 3.35 inches in Fresh Meadows.||Thunderstorms produced many frequent and intense lightning strikes that resulted in more than 20,000 customers without power across portions of Long Island, as reported by the Long Island Power Authority.||A severe thunderstorm produced an EF1 tornado in East Islip Terrace.",138
52230,QUEENS CO.,LITTLE NECK,07/18/2007,858,Flash Flood, , ,0,0,0,0,NY,EST-5, ,9275,C,81,OKX,0,0,Emergency Manager,Heavy Rain, , ,2,NW,2,NW,LITTLE NECK,07/18/2007,1003,40.7878,-73.7735,40.7878,-73.7735,Flash flooding resulted in a road closure at 188th Street along the Long Island Expressway. The Long Island Railroad Station in Bayside was flooded. The Cross Island Parkway flooded at the Throgs Neck Bridge.,"A cluster of heavy thunderstorms produced torrential rain that resulted in widespread and significant flash flooding across the region. Maximum 1 hour rainfall rates were estimated at 2 to 3 inches. The storm total rainfall for this event ranged from around 3 to 6 inches. Nassau Community College measured 5.18 inches. Other amounts included 4.20 inches in Holtsville and 3.35 inches in Fresh Meadows.||Thunderstorms produced many frequent and intense lightning strikes that resulted in more than 20,000 customers without power across portions of Long Island, as reported by the Long Island Power Authority.||A severe thunderstorm produced an EF1 tornado in East Islip Terrace.",139
52231,KINGS CO.,BENNETT FLD NAS,07/18/2007,904,Flash Flood, , ,0,0,0,0,NY,EST-5, ,9275,C,47,OKX,0,0,Emergency Manager,Heavy Rain, , ,3,N,3,N,BENNETT FLD NAS,07/18/2007,919,40.62,-73.89,40.62,-73.89,Flash flooding was reported along the east bound portion of the Belt Parkway near the Mill Basin Draw Bridge.,"A cluster of heavy thunderstorms produced torrential rain that resulted in widespread and significant flash flooding across the region. Maximum 1 hour rainfall rates were estimated at 2 to 3 inches. The storm total rainfall for this event ranged from around 3 to 6 inches. Nassau Community College measured 5.18 inches. Other amounts included 4.20 inches in Holtsville and 3.35 inches in Fresh Meadows.||Thunderstorms produced many frequent and intense lightning strikes that resulted in more than 20,000 customers without power across portions of Long Island, as reported by the Long Island Power Authority.||A severe thunderstorm produced an EF1 tornado in East Islip Terrace.",140
57544,NEW YORK CO.,CENTRAL PARK,08/08/2007,543,Flash Flood, , ,0,0,0,0,NY,EST-5, ,10328,C,61,OKX,0,0,Emergency Manager,Heavy Rain, , ,1,E,3,N,CENTRAL PARK,08/08/2007,730,40.78,-73.9309,40.8208,-73.95,Torrenial rain resulted in widespread flash flooding. Lane closures were reported on FDR Drive between 63rd and 78th streets at 6:43 am. Flooding was reported on Harlem River Drive near 145th Street at 6:46 am.,"An approaching cold font, interacting with energy aloft, produced numerous thunderstorms, including one which produced two tornadoes across Southern New York City, and later produced wind damage in Nassau County. In addition, the storms produced copious amounts of rainfall which caused widespread significant flash flooding in New York City, including several subway lines, and Long Island.",141
57542,KINGS CO.,BROOKLYN,08/08/2007,543,Flash Flood, , ,0,0,0,0,NY,EST-5, ,10328,C,47,OKX,0,0,Emergency Manager,Heavy Rain, , ,3,NNW,3,NNW,BROOKLYN,08/08/2007,730,40.6895,-73.9516,40.6895,-73.9516,Flooding on the Brooklyn-Queens Expressway closing multiple lanes.,"An approaching cold font, interacting with energy aloft, produced numerous thunderstorms, including one which produced two tornadoes across Southern New York City, and later produced wind damage in Nassau County. In addition, the storms produced copious amounts of rainfall which caused widespread significant flash flooding in New York City, including several subway lines, and Long Island.",142
57556,QUEENS CO.,HOLLIS,08/08/2007,559,Flash Flood, , ,0,0,0,0,NY,EST-5, ,10328,C,81,OKX,0,0,Emergency Manager,Heavy Rain, , ,2,W,2,NNE,FLUSHING ARPT,08/08/2007,730,40.72,-73.8,40.811,-73.8031,Widespread significant flash flooding occurred at many locations throughout Queens.||Severe flooding was reported on the Grand Central Parkway (GCP) at Jackie Robinson Parkway at 6:59 am. It was also reported on the GCP at the entrance to the Triborough Bridge at 7:05 am. Severe flooding occurred on the Belt Parkway along 225th Street at 7:36 am and on the Cross Island Parkway near the Throgs Neck Bridge at 7:39 am.,"An approaching cold font, interacting with energy aloft, produced numerous thunderstorms, including one which produced two tornadoes across Southern New York City, and later produced wind damage in Nassau County. In addition, the storms produced copious amounts of rainfall which caused widespread significant flash flooding in New York City, including several subway lines, and Long Island.",143
57566,BRONX CO.,WAKEFIELD,08/08/2007,728,Flash Flood, , ,0,0,0,0,NY,EST-5, ,10328,C,5,OKX,0,0,Emergency Manager,Heavy Rain, , ,2,NW,2,NW,WAKEFIELD,08/08/2007,730,40.8977,-73.8534,40.8977,-73.8534,Flooding closed the Bronx River Parkway at 233rd Street.,"An approaching cold font, interacting with energy aloft, produced numerous thunderstorms, including one which produced two tornadoes across Southern New York City, and later produced wind damage in Nassau County. In addition, the storms produced copious amounts of rainfall which caused widespread significant flash flooding in New York City, including several subway lines, and Long Island.",144
60255,KINGS CO.,CONEY IS,10/11/2007,1714,Flash Flood, , ,0,0,0,0,NY,EST-5, ,10901,C,47,OKX,0,0,Broadcast Media,Heavy Rain, , ,3,N,2,N,CONEY IS,10/11/2007,1852,40.6208,-73.98,40.6154,-73.974,Flash flooding was reported on the Belt Parkway near Bay Parkway in Brooklyn. Two lanes were blocked on the Belt Parkway westbound from Farmers Blvd. to Flatbush Avenue. A spotter at Sheepshead Bay measured 1.75 inches of rain.,"A low pressure system slowly moved north from the Mid-Atlantic coast across New England and produced flash flooding across parts of the New York City Metropolitan Area and isolated severe weather in Nassau and Suffolk Counties. Rainfall amounts ranged from around 1.25 to just under 4.5 inches, with most locations receiving from 1.5 to 2.75 inches of rain.",145
60256,QUEENS CO.,AUBURNDALE,10/11/2007,1719,Flash Flood, , ,0,0,0,0,NY,EST-5, ,10901,C,81,OKX,0,0,Broadcast Media,Heavy Rain, , ,1,SE,1,SSW,BAYSIDE,10/11/2007,1852,40.7411,-73.7883,40.7357,-73.7852,"Flash flooding was reported on the Van Wyck Expressway at Jewel Avenue. At least one lane was closed due to flooding on the Grand Central Parkway from the Van Wyck Expressway to the Long Island Expressway. Flooding blocked all lanes on the Grand Central Parkway both eastbound and westbound at Hoyt Avenue. Flooding occurred on the F transit subway line at Sutphin Blvd. Flooding also occurred on the Belt Parkway eastbound between JFK Airport and Brookville Blvd, where 2 lanes were closed.||At JFK Airport, 1.71 inches of rain was measured.","A low pressure system slowly moved north from the Mid-Atlantic coast across New England and produced flash flooding across parts of the New York City Metropolitan Area and isolated severe weather in Nassau and Suffolk Counties. Rainfall amounts ranged from around 1.25 to just under 4.5 inches, with most locations receiving from 1.5 to 2.75 inches of rain.",146
60259,BRONX CO.,WILLIAMS BRIDGE,10/11/2007,1723,Flash Flood, , ,0,0,0,0,NY,EST-5, ,10901,C,5,OKX,0,0,Broadcast Media,Heavy Rain, , ,0,N,0,SSW,WILLIAMS BRIDGE,10/11/2007,1823,40.88,-73.88,40.8786,-73.881,Flash flooding was reported on the Henry Hudson Parkway at 232nd Street.,"A low pressure system slowly moved north from the Mid-Atlantic coast across New England and produced flash flooding across parts of the New York City Metropolitan Area and isolated severe weather in Nassau and Suffolk Counties. Rainfall amounts ranged from around 1.25 to just under 4.5 inches, with most locations receiving from 1.5 to 2.75 inches of rain.",147
60260,NEW YORK CO.,CENTRAL PARK,10/11/2007,1752,Flash Flood, , ,0,0,0,0,NY,EST-5, ,10901,C,61,OKX,0,0,Broadcast Media,Heavy Rain, , ,1,WNW,1,WNW,CENTRAL PARK,10/11/2007,1905,40.787,-73.9722,40.7863,-73.9703,Flash flooding was observed on the West Side Highway.,"A low pressure system slowly moved north from the Mid-Atlantic coast across New England and produced flash flooding across parts of the New York City Metropolitan Area and isolated severe weather in Nassau and Suffolk Counties. Rainfall amounts ranged from around 1.25 to just under 4.5 inches, with most locations receiving from 1.5 to 2.75 inches of rain.",148
114924,QUEENS CO.,WOODHAVEN,06/14/2008,1848,Flash Flood, , ,0,0,0,0,NY,EST-5, ,18713,C,81,OKX,0,0,Emergency Manager,Heavy Rain, , ,1,NW,1,NNW,WOODHAVEN,06/14/2008,2056,40.7061,-73.8613,40.7074,-73.8555,Occupied vehicles were stuck in rising water at the intersection of Union Tpke. and Woodhaven Blvd.,"A cold front moved across the area on June 14, 2008 which produced widespread flash flooding across portions of the Lower Hudson Valley and New York City.",149
114928,QUEENS CO.,WOODHAVEN,06/14/2008,1851,Flash Flood, , ,0,0,0,0,NY,EST-5, ,18713,C,81,OKX,0,0,Emergency Manager,Heavy Rain, , ,2,W,2,W,WOODHAVEN,06/14/2008,2056,40.7034,-73.8797,40.7039,-73.8782,Occupied vehicles were stuck in rising water at the intersection of Cooper Ave. and 72nd St.,"A cold front moved across the area on June 14, 2008 which produced widespread flash flooding across portions of the Lower Hudson Valley and New York City.",150
115617,QUEENS CO.,WOODHAVEN,06/14/2008,1900,Flash Flood, , ,0,0,0,0,NY,EST-5, ,18713,C,81,OKX,0,0,Newspaper,Heavy Rain, , ,1,WNW,1,NW,WOODHAVEN,06/14/2008,1915,40.707,-73.8651,40.7071,-73.8635,Several feet of water flooded roadways and nearby basements of as many as 20 homes near the intersection of 85th St. and 77th Ave.,"A cold front moved across the area on June 14, 2008 which produced widespread flash flooding across portions of the Lower Hudson Valley and New York City.",151
114933,QUEENS CO.,AUBURNDALE,06/14/2008,1925,Flash Flood, , ,0,0,0,0,NY,EST-5, ,18713,C,81,OKX,0,0,Emergency Manager,Heavy Rain, , ,1,SSW,1,S,AUBURNDALE,06/14/2008,2056,40.7313,-73.8062,40.7314,-73.8043,Occupied vehicles were stuck in rising water at the intersection of 164th Street and 71st Ave.,"A cold front moved across the area on June 14, 2008 which produced widespread flash flooding across portions of the Lower Hudson Valley and New York City.",152
114934,QUEENS CO.,RICHMOND HILL,06/14/2008,1927,Flash Flood, , ,0,0,0,0,NY,EST-5, ,18713,C,81,OKX,0,0,Emergency Manager,Heavy Rain, , ,1,N,1,NNW,RICHMOND HILL,06/14/2008,2056,40.7123,-73.8216,40.7111,-73.8255,Occupied vehicles were stuck in rising water at the intersection of Queens Blvd. and the Van Wyck Expressway.,"A cold front moved across the area on June 14, 2008 which produced widespread flash flooding across portions of the Lower Hudson Valley and New York City.",153
114935,QUEENS CO.,HOLLIS,06/14/2008,1930,Flash Flood, , ,0,0,0,0,NY,EST-5, ,18713,C,81,OKX,0,0,Emergency Manager,Heavy Rain, , ,0,SW,0,SSW,HOLLIS,06/14/2008,2056,40.7154,-73.7743,40.7158,-73.7732,Occupied vehicles were stuck in rising water at the intersection of Hillside Ave. and 188th St.,"A cold front moved across the area on June 14, 2008 which produced widespread flash flooding across portions of the Lower Hudson Valley and New York City.",154
114979,QUEENS CO.,RICHMOND HILL,06/14/2008,1930,Flash Flood, , ,0,0,0,0,NY,EST-5, ,18713,C,81,OKX,0,0,Emergency Manager,Heavy Rain, , ,1,NNW,1,N,RICHMOND HILL,06/14/2008,2056,40.7183,-73.8343,40.7209,-73.822,"The Kew Gardens Interchange (where the Van Wyck Expressway, Grand Central Pkwy and Jackie Robinson Pkwy all intersect), was closed in all directions with occupied vehicles stuck in rising water. Mesonet sources in Forest Hills and Rego Park reported storm total rainfall of 2.46 inches and 2.18 inches respectively.","A cold front moved across the area on June 14, 2008 which produced widespread flash flooding across portions of the Lower Hudson Valley and New York City.",155
114936,QUEENS CO.,HOLLIS,06/14/2008,1934,Flash Flood, , ,0,0,0,0,NY,EST-5, ,18713,C,81,OKX,0,0,Emergency Manager,Heavy Rain, , ,1,WNW,1,S,AUBURNDALE,06/14/2008,2056,40.7253,-73.7924,40.7315,-73.7953,"Occupied vehicles were stuck in rising water at the intersection of the Long Island Expressway and Utopia Pkwy, and 64th Ave and Utopia Pkwy. Water inundated the basement of a building at the intersection of Utopia Pkwy. and 68th Ave as well as many residents' basements on Utopia Pkwy between the Long Island Expressway and Union Tpke. Water was waist high in some areas.","A cold front moved across the area on June 14, 2008 which produced widespread flash flooding across portions of the Lower Hudson Valley and New York City.",156
114938,QUEENS CO.,HOLLIS,06/14/2008,1937,Flash Flood, , ,0,0,0,0,NY,EST-5, ,18713,C,81,OKX,0,0,Emergency Manager,Heavy Rain, , ,1,S,1,SSE,HOLLIS,06/14/2008,2056,40.7117,-73.7678,40.7121,-73.766,Occupied vehicles were stuck in rising water at the intersection of Woodhull Ave. and 193rd St.,"A cold front moved across the area on June 14, 2008 which produced widespread flash flooding across portions of the Lower Hudson Valley and New York City.",157
114989,QUEENS CO.,FLUSHING,06/14/2008,1940,Flash Flood, , ,0,0,0,0,NY,EST-5, ,18713,C,81,OKX,0,0,Emergency Manager,Heavy Rain, , ,1,SE,1,SW,AUBURNDALE,06/14/2008,2056,40.7403,-73.8169,40.7405,-73.8137,Occupied vehicles were stuck in rising water at the intersection of the Long Island Expressway and Kissena Blvd.,"A cold front moved across the area on June 14, 2008 which produced widespread flash flooding across portions of the Lower Hudson Valley and New York City.",158
114992,QUEENS CO.,BAYSIDE,06/14/2008,1947,Flash Flood, , ,0,0,0,0,NY,EST-5, ,18713,C,81,OKX,0,0,Emergency Manager,Heavy Rain, , ,1,ENE,1,ENE,BAYSIDE,06/14/2008,2056,40.7537,-73.765,40.7526,-73.7654,Occupied vehicles were stuck in rising water at the intersection of Bell Blvd. and 216th St.,"A cold front moved across the area on June 14, 2008 which produced widespread flash flooding across portions of the Lower Hudson Valley and New York City.",159
114995,QUEENS CO.,AUBURNDALE,06/14/2008,1951,Flash Flood, , ,0,0,0,0,NY,EST-5, ,18713,C,81,OKX,0,0,Emergency Manager,Heavy Rain, , ,1,S,1,S,AUBURNDALE,06/14/2008,2056,40.7344,-73.7981,40.7343,-73.7971,Occupied vehicles were stuck in rising water at the intersection of 172nd St. and 68th Ave.,"A cold front moved across the area on June 14, 2008 which produced widespread flash flooding across portions of the Lower Hudson Valley and New York City.",160
114993,QUEENS CO.,AUBURNDALE,06/14/2008,1951,Flash Flood, , ,0,0,0,0,NY,EST-5, ,18713,C,81,OKX,0,0,Emergency Manager,Heavy Rain, , ,1,S,1,S,AUBURNDALE,06/14/2008,2056,40.7322,-73.8019,40.7323,-73.8007,Occupied vehicles were stuck in rising water at the intersection of Jewel Ave. and 168th St.,"A cold front moved across the area on June 14, 2008 which produced widespread flash flooding across portions of the Lower Hudson Valley and New York City.",161
115362,QUEENS CO.,QUEENS VLG,06/14/2008,1952,Flash Flood, , ,0,0,0,0,NY,EST-5, ,18713,C,81,OKX,0,0,Emergency Manager,Heavy Rain, , ,1,N,1,NNW,QUEENS VLG,06/14/2008,2056,40.7303,-73.7504,40.7285,-73.7538,Occupied vehicles were stuck in rising water at the intersection of Spencer Ave. and the Grand Central Pkwy.,"A cold front moved across the area on June 14, 2008 which produced widespread flash flooding across portions of the Lower Hudson Valley and New York City.",162
115370,QUEENS CO.,HOLLIS,06/14/2008,1955,Flash Flood, , ,0,0,0,0,NY,EST-5, ,18713,C,81,OKX,0,0,Emergency Manager,Heavy Rain, , ,1,S,1,S,HOLLIS,06/14/2008,2056,40.7113,-73.7717,40.7117,-73.7706,Occupied vehicles were stuck in rising water at the intersection of 188th St. and Jamaica Ave.,"A cold front moved across the area on June 14, 2008 which produced widespread flash flooding across portions of the Lower Hudson Valley and New York City.",163
115380,QUEENS CO.,AUBURNDALE,06/14/2008,1957,Flash Flood, , ,0,0,0,0,NY,EST-5, ,18713,C,81,OKX,0,0,Emergency Manager,Heavy Rain, , ,1,SSE,1,SSW,BAYSIDE,06/14/2008,2056,40.7347,-73.7905,40.735,-73.7892,Occupied vehicles were stuck in rising water at the intersection of 182nd St. and 69th Ave.,"A cold front moved across the area on June 14, 2008 which produced widespread flash flooding across portions of the Lower Hudson Valley and New York City.",164
114856,QUEENS CO.,AUBURNDALE,06/14/2008,2000,Flash Flood, , ,0,0,0,0,NY,EST-5, ,18713,C,81,OKX,0,0,Emergency Manager,Heavy Rain, , ,1,SSE,1,S,BAYSIDE,06/14/2008,2056,40.7386,-73.7905,40.74,-73.78,Long Island Expressway closed in both directions between exits 25 (Utopia Parkway) and 26 (Francis Lewis Boulevard). Approximately 25 cars were stuck in water. JFK International Airport reported 1.36 inches of rain between 7:51 pm and 8:51 pm. LaGuardia Airport reported 1.31 inches of rain between 7:51 pm and 8:51 pm.,"A cold front moved across the area on June 14, 2008 which produced widespread flash flooding across portions of the Lower Hudson Valley and New York City.",165
115386,QUEENS CO.,BAYSIDE,06/14/2008,2002,Flash Flood, , ,0,0,0,0,NY,EST-5, ,18713,C,81,OKX,0,0,Emergency Manager,Heavy Rain, , ,1,N,1,N,BAYSIDE,06/14/2008,2056,40.7674,-73.7826,40.768,-73.7808,Occupied vehicles were stuck in rising water at the intersection of the Clearview Expressway and 35th Ave.,"A cold front moved across the area on June 14, 2008 which produced widespread flash flooding across portions of the Lower Hudson Valley and New York City.",166
115387,QUEENS CO.,BAYSIDE,06/14/2008,2003,Flash Flood, , ,0,0,0,0,NY,EST-5, ,18713,C,81,OKX,0,0,Emergency Manager,Heavy Rain, , ,1,N,1,NNE,BAYSIDE,06/14/2008,2056,40.759,-73.7785,40.7595,-73.7762,Occupied vehicles were stuck in rising water at the intersection of the Clearview Expressway and Northern Blvd.,"A cold front moved across the area on June 14, 2008 which produced widespread flash flooding across portions of the Lower Hudson Valley and New York City.",167
115389,QUEENS CO.,ROSEDALE,06/14/2008,2034,Flash Flood, , ,0,0,0,0,NY,EST-5, ,18713,C,81,OKX,0,0,Emergency Manager,Heavy Rain, , ,1,S,1,SSE,ROSEDALE,06/14/2008,2056,40.6598,-73.7285,40.6602,-73.7272,Occupied vehicles were stuck in rising water at the intersection of Hook Creek Blvd. and 257th St.,"A cold front moved across the area on June 14, 2008 which produced widespread flash flooding across portions of the Lower Hudson Valley and New York City.",168
114857,QUEENS CO.,RICHMOND HILL,06/14/2008,2041,Flash Flood, , ,0,0,0,0,NY,EST-5, ,18713,C,81,OKX,0,0,Broadcast Media,Heavy Rain, , ,2,NNW,1,NNW,RICHMOND HILL,06/14/2008,2056,40.7198,-73.8316,40.7177,-73.8276,Water blocking all lanes eastbound on the Grand Central Parkway at exit 13.,"A cold front moved across the area on June 14, 2008 which produced widespread flash flooding across portions of the Lower Hudson Valley and New York City.",169
116973,BRONX CO.,FORDHAM,06/22/2008,1430,Flash Flood, , ,0,0,0,0,NY,EST-5, ,19723,C,5,OKX,0,0,Newspaper,Heavy Rain, , ,1,SW,1,SW,FORDHAM,06/22/2008,1445,40.8627,-73.8909,40.8632,-73.8902,Torrential rain caused the intersection of E. 193rd St. and Webster Ave. to be impassable.,Thunderstorms produced heavy rain which caused localized Flash Flooding in the Bronx.,170
127061,RICHMOND CO.,PLEASANT PLAINS,07/27/2008,1903,Flash Flood, , ,0,0,0,0,NY,EST-5, ,21274,C,85,OKX,0,0,Newspaper,Heavy Rain, , ,1,SE,1,NE,TOTTENVILLE,07/27/2008,1915,40.5109,-74.2178,40.5081,-74.215,Deep standing water (estimated to be at least 6 inches) accumulated on Hylan Blvd. near Mount Loretto.,A cold front moved across the area on July 27 which produced thunderstorms with torrential downpours and led to flash flooding across Long Island and portions of New York City and the Lower Hudson Valley.,171
130763,NEW YORK CO.,NEW YORK,08/11/2008,945,Flash Flood, , ,0,0,0,0,NY,EST-5, ,22223,C,61,OKX,0,0,Broadcast Media,Heavy Rain, , ,1,NNE,1,NNE,NEW YORK,08/11/2008,1000,40.749,-73.9912,40.7487,-73.9916,The torrential rainfall caused a sewer to collapse producing a 6 ft deep sinkhole outside of FDNY ladder company 24 on W. 31st Street in Manhattan.,"An anomolous low pressure system over southeast New York produced numerous thunderstorms with torrential rainfall which led to flash flooding in portions of New York City, Long Island and the Lower Hudson Valley.",172
130738,QUEENS CO.,FLUSHING ARPT,08/11/2008,1039,Flash Flood, , ,0,0,0,0,NY,EST-5, ,22223,C,81,OKX,0,0,Emergency Manager,Heavy Rain, , ,2,ENE,2,NW,LITTLE NECK,08/11/2008,1054,40.7892,-73.7829,40.7889,-73.7814,Cars were stranded in 3 to 4 ft. of water at 212th St. and Bell Boulevard in Bayside.,"An anomolous low pressure system over southeast New York produced numerous thunderstorms with torrential rainfall which led to flash flooding in portions of New York City, Long Island and the Lower Hudson Valley.",173
131139,QUEENS CO.,QUEENS VLG,08/14/2008,1612,Flash Flood, , ,0,0,0,0,NY,EST-5, ,22304,C,81,OKX,0,0,Broadcast Media,Heavy Rain, , ,2,NE,2,NE,QUEENS VLG,08/14/2008,1627,40.7414,-73.7301,40.7396,-73.7287,Impassable flooding was reported on the Cross Island Pkwy. at Union Tpke. in Glen Oaks. Mesonet storm total rainfall reports from Fresh Meadows and Bayside were 1.49 and 1.43 inches respectively.,An anomolous slow moving upper level low pressure system triggered thunderstorms producing torrential rainfall which led to flash flooding in Queens and Nassau County.,174
132821,BRONX CO.,WILLIAMS BRIDGE,08/15/2008,1700,Flash Flood, , ,0,0,0,0,NY,EST-5, ,22308,C,5,OKX,0,0,Newspaper,Heavy Rain, , ,1,NE,2,NE,WILLIAMS BRIDGE,08/15/2008,1715,40.8931,-73.8667,40.8978,-73.8631,The Bronx River Pkwy. was closed at E. 233rd St. in Woodlawn due to flooding.,An anomolous slow moving upper level low pressure system in combination with a weak surface cold front and local seabreezes triggered thunderstorms producing torrential rainfall which led to flash flooding on Long Island and in portions of New York City and the Lower Hudson Valley.,175
131226,NEW YORK CO.,CENTRAL PARK,08/15/2008,1810,Flash Flood, , ,0,0,0,0,NY,EST-5, ,22308,C,61,OKX,0,0,Emergency Manager,Heavy Rain, , ,7,N,7,NNE,CENTRAL PARK,08/15/2008,1856,40.8754,-73.9289,40.8745,-73.9235,New York City Office of Emergency Management reported that all lanes were flooded on the Henry Hudson Bridge between Manhattan and The Bronx.,An anomolous slow moving upper level low pressure system in combination with a weak surface cold front and local seabreezes triggered thunderstorms producing torrential rainfall which led to flash flooding on Long Island and in portions of New York City and the Lower Hudson Valley.,176
136127,KINGS CO.,NEW YORK,09/06/2008,1710,Flash Flood, , ,0,0,0,0,NY,EST-5, ,23289,C,47,OKX,0,0,Broadcast Media,Heavy Rain / Tropical System, , ,3,ESE,3,ESE,NEW YORK,09/06/2008,2015,40.7097,-73.9546,40.7103,-73.9573,I-278 (Brooklyn-Queens Expressway) was closed in both directions at Broadway due to flooding.,"Tropical Storm Hanna impacted Southeast New York, making landfall near the Nassau/Suffolk County border around 10:35 pm on the 6th. Storm total rainfall ranged from 1.66 inches at Port Jervis to 5.92 inches at New City. Periods of torrential rain from heavy showers and thunderstorms caused flash flooding in many locations, which included urban, small stream and river flooding.",177
136485,QUEENS CO.,BAYSIDE,09/06/2008,1720,Flash Flood, , ,0,0,0,0,NY,EST-5, ,23289,C,81,OKX,0,0,Newspaper,Heavy Rain / Tropical System, , ,1,E,1,E,BAYSIDE,09/06/2008,1735,40.7484,-73.7611,40.748,-73.7624,Portions of Bell Blvd. in Bayside were flooded.,"Tropical Storm Hanna impacted Southeast New York, making landfall near the Nassau/Suffolk County border around 10:35 pm on the 6th. Storm total rainfall ranged from 1.66 inches at Port Jervis to 5.92 inches at New City. Periods of torrential rain from heavy showers and thunderstorms caused flash flooding in many locations, which included urban, small stream and river flooding.",178
136489,QUEENS CO.,WOODSIDE,09/06/2008,1720,Flash Flood, , ,0,0,0,0,NY,EST-5, ,23289,C,81,OKX,0,0,Newspaper,Heavy Rain / Tropical System, , ,1,SE,1,ESE,WOODSIDE,09/06/2008,1735,40.7392,-73.8995,40.7391,-73.8984,"In Woodside, 66th Street and 48th Ave. were inundated with water, which flooded some adjoining residential properties.","Tropical Storm Hanna impacted Southeast New York, making landfall near the Nassau/Suffolk County border around 10:35 pm on the 6th. Storm total rainfall ranged from 1.66 inches at Port Jervis to 5.92 inches at New City. Periods of torrential rain from heavy showers and thunderstorms caused flash flooding in many locations, which included urban, small stream and river flooding.",179
136564,QUEENS CO.,SPRINGFIELD GARDENS,09/06/2008,1720,Flash Flood, , ,0,0,0,0,NY,EST-5, ,23289,C,81,OKX,0,0,Broadcast Media,Heavy Rain / Tropical System, , ,1,S,1,S,SPRINGFIELD GARDENS,09/06/2008,1735,40.659,-73.7727,40.6616,-73.7747,"In Springfield Gardens, 147th Ave. was closed due to flooding. Water levels were approximately 6 inches deep on 147th St. in Rosedale, where local authorities taped off the road. Flood waters also caused raw sewage to back up into some homes in Rosedale.","Tropical Storm Hanna impacted Southeast New York, making landfall near the Nassau/Suffolk County border around 10:35 pm on the 6th. Storm total rainfall ranged from 1.66 inches at Port Jervis to 5.92 inches at New City. Periods of torrential rain from heavy showers and thunderstorms caused flash flooding in many locations, which included urban, small stream and river flooding.",180
136014,BRONX CO.,FORDHAM,09/06/2008,1755,Flash Flood, , ,0,0,0,0,NY,EST-5, ,23289,C,5,OKX,0,0,Trained Spotter,Heavy Rain / Tropical System, , ,1,SSW,1,SSW,FORDHAM,09/06/2008,2004,40.853,-73.8917,40.8534,-73.8926,"Flooding caused a one story building to partially collapse with people trapped in it at 3rd Ave. and East 182nd St. in East Tremont. Local media reported that there were no injuries, but the fire department determined that the remaining portion of the structure was too unstable and had to be demolished.","Tropical Storm Hanna impacted Southeast New York, making landfall near the Nassau/Suffolk County border around 10:35 pm on the 6th. Storm total rainfall ranged from 1.66 inches at Port Jervis to 5.92 inches at New City. Periods of torrential rain from heavy showers and thunderstorms caused flash flooding in many locations, which included urban, small stream and river flooding.",181
136019,BRONX CO.,WILLIAMS BRIDGE,09/06/2008,1822,Flash Flood, , ,0,0,0,0,NY,EST-5, ,23289,C,5,OKX,0,0,Broadcast Media,Heavy Rain / Tropical System, , ,1,NE,1,NE,WILLIAMS BRIDGE,09/06/2008,2004,40.8922,-73.8626,40.8932,-73.8647,All lanes on the Bronx River Pkwy. northbound at E. 233rd St. in East Tremont were closed due to flooding.,"Tropical Storm Hanna impacted Southeast New York, making landfall near the Nassau/Suffolk County border around 10:35 pm on the 6th. Storm total rainfall ranged from 1.66 inches at Port Jervis to 5.92 inches at New City. Periods of torrential rain from heavy showers and thunderstorms caused flash flooding in many locations, which included urban, small stream and river flooding.",182
136027,RICHMOND CO.,CASTLETON CORNERS,09/06/2008,1940,Flash Flood, , ,0,0,0,0,NY,EST-5, ,23289,C,85,OKX,0,0,Broadcast Media,Heavy Rain / Tropical System, , ,1,NNE,1,ENE,PORT RICHMOND,09/06/2008,1955,40.6284,-74.123,40.6409,-74.1284,There were many flooded highways and road closures in Port Richmond.,"Tropical Storm Hanna impacted Southeast New York, making landfall near the Nassau/Suffolk County border around 10:35 pm on the 6th. Storm total rainfall ranged from 1.66 inches at Port Jervis to 5.92 inches at New City. Periods of torrential rain from heavy showers and thunderstorms caused flash flooding in many locations, which included urban, small stream and river flooding.",183
136471,BRONX CO.,WILLIAMS BRIDGE,09/06/2008,1949,Flash Flood, , ,0,0,0,0,NY,EST-5, ,23289,C,5,OKX,0,0,Broadcast Media,Heavy Rain / Tropical System, , ,2,NE,2,NE,WILLIAMS BRIDGE,09/06/2008,2004,40.8982,-73.8619,40.8984,-73.8604,The Bronx River Pkwy. (northbound) was closed at 236th St. due to flooding.,"Tropical Storm Hanna impacted Southeast New York, making landfall near the Nassau/Suffolk County border around 10:35 pm on the 6th. Storm total rainfall ranged from 1.66 inches at Port Jervis to 5.92 inches at New City. Periods of torrential rain from heavy showers and thunderstorms caused flash flooding in many locations, which included urban, small stream and river flooding.",184
136468,KINGS CO.,BENNETT FLD NAS,09/06/2008,1950,Flash Flood, , ,0,0,0,0,NY,EST-5, ,23289,C,47,OKX,0,0,Broadcast Media,Heavy Rain / Tropical System, , ,2,NW,2,NW,BENNETT FLD NAS,09/06/2008,2015,40.5942,-73.9052,40.595,-73.9062,The Belt Pkwy. eastbound exit ramp to Flatbush Ave. was closed due to flooding.,"Tropical Storm Hanna impacted Southeast New York, making landfall near the Nassau/Suffolk County border around 10:35 pm on the 6th. Storm total rainfall ranged from 1.66 inches at Port Jervis to 5.92 inches at New City. Periods of torrential rain from heavy showers and thunderstorms caused flash flooding in many locations, which included urban, small stream and river flooding.",185
136030,KINGS CO.,CONEY IS,09/06/2008,2000,Flash Flood, , ,0,0,0,0,NY,EST-5, ,23289,C,47,OKX,0,0,Broadcast Media,Heavy Rain / Tropical System, , ,2,NW,2,NW,CONEY IS,09/06/2008,2015,40.5986,-74.0085,40.6005,-74.0063,The Belt Parkway in Bensonhurst was closed due to flooding.,"Tropical Storm Hanna impacted Southeast New York, making landfall near the Nassau/Suffolk County border around 10:35 pm on the 6th. Storm total rainfall ranged from 1.66 inches at Port Jervis to 5.92 inches at New City. Periods of torrential rain from heavy showers and thunderstorms caused flash flooding in many locations, which included urban, small stream and river flooding.",186
189816,NEW YORK CO.,CENTRAL PARK,07/26/2009,1949,Flash Flood, , ,0,0,0,0,NY,EST-5, ,32366,C,61,OKX,0,0,Emergency Manager,Heavy Rain, , ,1,NE,2,NE,CENTRAL PARK,07/26/2009,2004,40.7957,-73.9311,40.7951,-73.9295,FDR Drive was closed at 116th St. due to flooding.,A pre-frontal trough followed by a potent cold front caused multiple severe thunderstorms and isolated flash flooding in portions of Southeast New York.,187
189815,NEW YORK CO.,NEW YORK,07/26/2009,2120,Flash Flood, , ,0,0,0,0,NY,EST-5, ,32366,C,61,OKX,0,0,NWS Employee,Heavy Rain, , ,2,NNE,2,NNE,NEW YORK,07/26/2009,2230,40.7584,-73.9862,40.7579,-73.9851,Six inches of standing water accumulated at the intersection of W. 46th St. and Broadway.,A pre-frontal trough followed by a potent cold front caused multiple severe thunderstorms and isolated flash flooding in portions of Southeast New York.,188
189738,KINGS CO.,NEW YORK,07/29/2009,1438,Flash Flood, , ,0,0,0,0,NY,EST-5, ,32395,C,47,OKX,0,0,Public,Heavy Rain, , ,2,S,2,S,NEW YORK,07/29/2009,1453,40.6982,-73.9939,40.6974,-73.9942,Clark St. was closed at the Brooklyn Queens Expressway due to flooding.,"A pre-frontal trough caused scattered severe thunderstorms to develop across Southeast New York, including a tornado in Orange County. Some of the storms produced very heavy rain which led to flash flooding in New York City.",189
189757,RICHMOND CO.,WILLOWBROOK,07/29/2009,1440,Flash Flood, , ,0,0,0,0,NY,EST-5, ,32395,C,85,OKX,0,0,Department of Highways,Heavy Rain, , ,1,NE,1,S,ELM PARK,07/29/2009,1455,40.6118,-74.1549,40.6192,-74.1672,"The entrance to the westbound Staten Island Expressway (I-278) from Richmond Ave. was closed due to flooding. In addition, floodwaters were 1-2 ft high on Richmond Terrance near Nicholas Ave. in the neighboorhood of Port Richmond.","A pre-frontal trough caused scattered severe thunderstorms to develop across Southeast New York, including a tornado in Orange County. Some of the storms produced very heavy rain which led to flash flooding in New York City.",190
189762,NEW YORK CO.,NEW YORK,07/29/2009,1500,Flash Flood, , ,0,0,0,0,NY,EST-5, ,32395,C,61,OKX,0,0,Emergency Manager,Heavy Rain, , ,1,E,2,E,NEW YORK,07/29/2009,1515,40.7287,-73.9724,40.7287,-73.971,Southbound FDR Drive was closed due to flooding at 14th St.,"A pre-frontal trough caused scattered severe thunderstorms to develop across Southeast New York, including a tornado in Orange County. Some of the storms produced very heavy rain which led to flash flooding in New York City.",191
189742,BRONX CO.,BRONX,07/29/2009,1528,Flash Flood, , ,0,0,0,0,NY,EST-5, ,32395,C,5,OKX,0,0,Public,Heavy Rain, , ,0,WSW,0,WSW,BRONX,07/29/2009,1543,40.8288,-73.9077,40.8286,-73.906,"In the neighborhood of Morrisania in the Bronx, 3rd Ave. in the vicinity of the Bronx-Lebanon Hospital was closed due to flooding.","A pre-frontal trough caused scattered severe thunderstorms to develop across Southeast New York, including a tornado in Orange County. Some of the storms produced very heavy rain which led to flash flooding in New York City.",192
189765,NEW YORK CO.,NEW YORK,07/29/2009,1528,Flash Flood, , ,0,0,0,0,NY,EST-5, ,32395,C,61,OKX,0,0,Public,Heavy Rain, , ,1,ESE,2,ESE,NEW YORK,07/29/2009,1543,40.7226,-73.9753,40.7227,-73.973,Exit 5 (Houston St.) on the FDR Drive southbound was closed due to flooding.,"A pre-frontal trough caused scattered severe thunderstorms to develop across Southeast New York, including a tornado in Orange County. Some of the storms produced very heavy rain which led to flash flooding in New York City.",193
256941,QUEENS CO.,ROSEDALE,08/22/2010,2125,Flash Flood, , ,0,0,0,0,NY,EST-5, ,44211,C,81,OKX,0,0,Fire Department/Rescue,Heavy Rain, , ,1,NNW,1,SW,ROSEDALE,08/22/2010,2232,40.6822,-73.7358,40.6577,-73.7474,"Several vehicles became stuck in flood waters with occupants rescued by the local fire department on 147th Ave., 225 St. and 144th Ave. in Brookville.","A warm front extending through the Tri-State Area from a low pressure system moving across the northern Mid-Atlantic States acted as the focus for heavy rain and training thunderstorms in Queens and Nassau Counties. Slow moving showers with embedded thunderstorms produced heavy rain which led to flash flooding on Long Island. In addition, a woman driving in Orange County lost control of her car in a heavy shower, killing both herself and her unborn child.",194
257966,QUEENS CO.,QUEENS VLG,08/22/2010,2130,Flash Flood, , ,0,0,30000,0,NY,EST-5, ,44211,C,81,OKX,0,0,Newspaper,Heavy Rain, , ,1,ESE,1,ESE,SPRINGFIELD GARDENS,08/22/2010,2132,40.715,-73.7356,40.6771,-73.7567,"In Springfield Gardens, Springfield Blvd. became impassable due to flood waters. A bus became submerged in high water on Springfield Blvd. near 140th St. and its occupants were rescued by the local fire department. Water accumulated under the underpasses on the Belt Parkway, causing the road to be closed in both directions. Multiple people were trapped in vehicles, which local fire departments responded to in addition to flooding of many residential homes. A resident on Edgewood Ave. needed assistance escaping the deluge of water entering her basement apartment.","A warm front extending through the Tri-State Area from a low pressure system moving across the northern Mid-Atlantic States acted as the focus for heavy rain and training thunderstorms in Queens and Nassau Counties. Slow moving showers with embedded thunderstorms produced heavy rain which led to flash flooding on Long Island. In addition, a woman driving in Orange County lost control of her car in a heavy shower, killing both herself and her unborn child.",195
266106,NEW YORK CO.,CENTRAL PARK,10/01/2010,500,Flash Flood, , ,0,0,0,0,NY,EST-5, ,44969,C,61,OKX,0,0,Newspaper,Heavy Rain / Tropical System, , ,1,NW,2,NW,CENTRAL PARK,10/01/2010,645,40.7941,-73.9704,40.796,-73.9739,"Full service on the 1, 2 and 3 subway lines in Manhattan was suspended due to flooding. The ASOS in Central Park recorded 3.56 inches of total rainfall.","Low pressure tracked up the east coast and interacted with a stalled frontal boundary and approaching upper level low pressure system. Strong southerly flow allowed for the transport of tropical moisture, including the remnants of Tropical Storm Nicole, up the coast which resulted in heavy rain and flooding in portions of New York City, Nassau and Rockland Counties.",196
265386,NEW YORK CO.,CENTRAL PARK,10/01/2010,630,Flash Flood, , ,0,0,0,0,NY,EST-5, ,44969,C,61,OKX,0,0,Broadcast Media,Heavy Rain / Tropical System, , ,1,SSW,2,SSW,CENTRAL PARK,10/01/2010,645,40.7603,-73.9555,40.7582,-73.9584,The FDR Drive was closed northbound at 61st St. due to flooding.,"Low pressure tracked up the east coast and interacted with a stalled frontal boundary and approaching upper level low pressure system. Strong southerly flow allowed for the transport of tropical moisture, including the remnants of Tropical Storm Nicole, up the coast which resulted in heavy rain and flooding in portions of New York City, Nassau and Rockland Counties.",197
266126,KINGS CO.,BROOKLYN,10/11/2010,1945,Flash Flood, , ,0,0,0,0,NY,EST-5, ,45875,C,47,OKX,0,0,Public,Heavy Rain, , ,4,WNW,3,WNW,BROOKLYN,10/11/2010,2000,40.673,-73.9937,40.6647,-73.9766,Several inches of water was rushing down Eighth St. and entering some residences in Park Slope.,"A wave of low pressure developed along a cold front moving through the area, which caused heavy rain and flash flooding in Kings (Brooklyn) County.",198
351815,QUEENS CO.,LITTLE NECK,08/01/2011,1845,Flash Flood, , ,0,0,0,0,NY,EST-5, ,58666,C,81,OKX,0,0,Public,Heavy Rain, , ,1,W,1,SW,LITTLE NECK,08/01/2011,1915,40.7694,-73.7636,40.7624,-73.7608,The public reported Cross Island Parkway closed near Douglaston due to flash flooding.,A passing cold front and mid level shortwave combined to produce severe thunderstorms across Queens and Nassau Counties. These storms produced flash flooding as they stalled over the same area for several hours.,199
345325,QUEENS CO.,FAR ROCKAWAY,08/14/2011,1230,Flash Flood, , ,0,0,0,0,NY,EST-5, ,56884,C,81,OKX,0,0,Newspaper,Heavy Rain, , ,1,NNE,1,NNE,FAR ROCKAWAY,08/14/2011,1315,40.6124,-73.7457,40.6114,-73.745,Service on the Far Rockaway branch of the Long Island Rail Road was suspended due to flooding. There was also extremely high water in the train storage yard. The Automated Surface Observing System at John F. Kennedy International Airport recorded 2.83 inches of rainfall between 3:51 and 4:51 EST and 1.39 inches between 2:51 and 3:51 EST at LaGuardia Airport with storm total amounts of 7.80 inches and 6.60 inches respectively. Other storm total rainfall amounts reported in Queens County ranged from 6.03 inches in Rego Park to 8.81 inches in South Ozone Park.,"A slow moving area of low pressure passed to the south of the Tri-State Area. High precipitable water values caused very heavy rain which resulted in flash flooding in Kings, Nassau and Suffolk Counties.",200
346934,QUEENS CO.,WOODSIDE,08/19/2011,1900,Flash Flood, , ,0,0,0,0,NY,EST-5, ,57815,C,81,OKX,0,0,Emergency Manager,Heavy Rain, , ,0,NE,0,ENE,WOODSIDE,08/19/2011,1930,40.7518,-73.9164,40.7506,-73.9165,Multiple vehicles were stranded in flood waters at the intersection of 48th St. and 37th Ave. in Woodside.,"A passing mid level disturbance triggered scattered thunderstorms, which produced heavy rain that resulted in flash flooding in portions of Orange, Westchester and Queens Counties.",201
346142,QUEENS CO.,ROSEDALE,08/21/2011,1956,Flash Flood, , ,0,0,0,0,NY,EST-5, ,57656,C,81,OKX,0,0,Emergency Manager,Heavy Rain, , ,1,S,1,S,ROSEDALE,08/21/2011,2026,40.6561,-73.7276,40.6551,-73.7274,Several vehicles were stranded in flood waters at the intersection of 147th Dr. and Hook Creek Blvd. in Rosedale.,Thunderstorms preceding a cold front produced torrential rain that resulted in flash flooding in Nassau County.,202
389087,RICHMOND CO.,HUGUENOT,06/06/2012,1950,Flash Flood, , ,0,0,0,0,NY,EST-5, ,64950,C,85,OKX,0,0,Park/Forest Service,Heavy Rain, , ,2,ESE,2,ESE,HUGUENOT,06/06/2012,2020,40.5228,-74.1917,40.5215,-74.1907,The intersection of Hyland Blvd. and Cornelia Ave. was closed due to flooding.,"A weak short wave rotating around a cutoff low pressure system over the Canadian Maritimes caused showers and thunderstorms to develop across the area. A few of these storms resulted in heavy rainfall, which produced isolated flash flooding in Richmond County.",203
389177,RICHMOND CO.,SOUTH BEACH,06/22/2012,1330,Flash Flood, , ,0,0,0,0,NY,EST-5, ,64956,C,85,OKX,0,0,Public,Heavy Rain, , ,0,SW,1,SW,SOUTH BEACH,06/22/2012,1420,40.5945,-74.0857,40.5934,-74.0863,The intersection of Hylan Blvd. and Reid Ave. in Bay Terrace was closed due to flooding. Slosson Ave. at Todt Hill Rd. in Castleton Corners was also closed due to flooding.,"Showers and thunderstorms developed ahead of a cold front and produced heavy rain, which resulted in isolated flash flooding in Staten Island (Richmond County).",204
389265,RICHMOND CO.,ANNADALE,06/22/2012,1350,Flash Flood, , ,0,0,0,0,NY,EST-5, ,64956,C,85,OKX,0,0,Public,Heavy Rain, , ,1,ENE,0,ENE,ANNADALE,06/22/2012,1420,40.5525,-74.1903,40.5516,-74.1909,Arden Ave. was closed at Vespa Ave. in Rossville due to flooding.,"Showers and thunderstorms developed ahead of a cold front and produced heavy rain, which resulted in isolated flash flooding in Staten Island (Richmond County).",205
398847,NEW YORK CO.,CENTRAL PARK,07/18/2012,1553,Flash Flood, , ,0,0,0,0,NY,EST-5, ,66512,C,61,OKX,0,0,Broadcast Media,Heavy Rain, , ,0,NE,1,ESE,CENTRAL PARK,07/18/2012,1710,40.7837,-73.9442,40.7762,-73.9391,Heavy rain caused flooding across the FDR Dr. between 34th St. and 96th St. in Manhattan.,"A cold front approaching from the northwest and nearly parallel to the wind flow aloft triggered training thunderstorms which produced heavy rainfall and resulted in flash flooding in Queens, New York (Manhattan) and Nassau counties.",206
398864,QUEENS CO.,WOODSIDE,07/18/2012,1620,Flash Flood, , ,0,0,0,0,NY,EST-5, ,66512,C,81,OKX,0,0,Emergency Manager,Heavy Rain, , ,1,NNE,1,NNE,WOODSIDE,07/18/2012,1710,40.77,-73.91,40.768,-73.9103,Heavy rain caused flooding on the Grand Central Pkwy. eastbound at the Brooklyn-Queens Expressway exit.,"A cold front approaching from the northwest and nearly parallel to the wind flow aloft triggered training thunderstorms which produced heavy rainfall and resulted in flash flooding in Queens, New York (Manhattan) and Nassau counties.",207
406882,QUEENS CO.,WOODHAVEN,08/01/2012,1125,Flash Flood, , ,0,0,0,0,NY,EST-5, ,67829,C,81,OKX,0,0,Broadcast Media,Heavy Rain, , ,1,NNE,1,NW,RICHMOND HILL,08/01/2012,1245,40.7164,-73.8369,40.7119,-73.8319,The Grand Central Pkwy eastbound was closed at the Kew Gardens Interchange due to flooding.,The combination of an upper level short wave and a surface trough triggered scattered showers and thunderstorms across the area. Some thunderstorms produced very heavy rainfall that resulted in localized flash flooding in Queens.,208
406883,QUEENS CO.,RICHMOND HILL,08/01/2012,1135,Flash Flood, , ,0,0,0,0,NY,EST-5, ,67829,C,81,OKX,0,0,Broadcast Media,Heavy Rain, , ,0,NNE,1,N,RICHMOND HILL,08/01/2012,1245,40.7031,-73.8176,40.7092,-73.8214,The Long Island Expressway at Francis Lewis Blvd. and the Van Wyck Expressway southbound at Hillside Ave. were both closed due to flooding.,The combination of an upper level short wave and a surface trough triggered scattered showers and thunderstorms across the area. Some thunderstorms produced very heavy rainfall that resulted in localized flash flooding in Queens.,209
408891,QUEENS CO.,WOODHAVEN,08/15/2012,1305,Flash Flood, , ,0,0,0,0,NY,EST-5, ,68159,C,81,OKX,0,0,NWS Employee,Heavy Rain, , ,1,E,1,E,WOODHAVEN,08/15/2012,1400,40.6986,-73.8396,40.699,-73.8386,"In Richmond Hill, the intersection of 86th Ave. and 110th St. was impassable due to two ft. of standing water.","A low pressure system and upper level disturbance moved through the Northeast during the morning and afternoon hours, producing multiple rounds of thunderstorms with torrential rain and flash flooding in Queens, Nassau and Suffolk Counties.",210
411588,QUEENS CO.,RICHMOND HILL,08/15/2012,1330,Flash Flood, , ,0,0,0,0,NY,EST-5, ,68159,C,81,OKX,0,0,Broadcast Media,Heavy Rain, , ,1,NNW,1,N,RICHMOND HILL,08/15/2012,1400,40.7172,-73.8302,40.7185,-73.8206,All lanes were blocked with several disabled vehicles due to flooding on the eastbound Grand Central Pkwy. at the Kew Gardens Interchange. All lanes were also blocked due to flooding on the northbound Van Wyck Expressway between JFK Federal Circle and the Grand Central Pkwy.,"A low pressure system and upper level disturbance moved through the Northeast during the morning and afternoon hours, producing multiple rounds of thunderstorms with torrential rain and flash flooding in Queens, Nassau and Suffolk Counties.",211
411589,QUEENS CO.,RICHMOND HILL,08/15/2012,1530,Flash Flood, , ,0,0,0,0,NY,EST-5, ,68159,C,81,OKX,0,0,Broadcast Media,Heavy Rain, , ,1,NNW,1,NNW,RICHMOND HILL,08/15/2012,1610,40.7156,-73.8309,40.7186,-73.8306,The westbound Grand Central Pkwy. was closed at the Van Wyck Expy. due to flooding.,"A low pressure system and upper level disturbance moved through the Northeast during the morning and afternoon hours, producing multiple rounds of thunderstorms with torrential rain and flash flooding in Queens, Nassau and Suffolk Counties.",212
412638,QUEENS CO.,RICHMOND HILL,09/08/2012,1030,Flash Flood, , ,0,0,0,0,NY,EST-5, ,68789,C,81,OKX,0,0,Emergency Manager,Heavy Rain, , ,1,N,1,N,RICHMOND HILL,09/08/2012,1100,40.7181,-73.819,40.7153,-73.8195,All lanes of the Grand Central Pkwy. were closed at the Van Wyck Expy. due to flooding.,"Showers and thunderstorms ahead of a cold front produced torrential rainfall, which resulted in isolated flash flooding in Queens County.",213
454596,KINGS CO.,CONEY IS,05/08/2013,800,Flash Flood, , ,0,0,0,0,NY,EST-5, ,75242,C,47,OKX,0,0,Department of Highways,Heavy Rain, , ,1,NW,1,NW,CONEY IS,05/08/2013,815,40.5928,-73.9937,40.5919,-73.9968,The Belt Parkway was impassable near exit 6 in Coney Island.,"An occluded front associated with a cutoff low pressure system slowly advanced towards the area from the south. Thunderstorms training over the same area produced heavy rain that coincided with high tide, which resulted in flash flooding across parts of Southern Brooklyn.",214
454621,QUEENS CO.,SPRINGFIELD GARDENS,05/09/2013,1015,Flash Flood, , ,0,0,0,0,NY,EST-5, ,75249,C,81,OKX,0,0,Law Enforcement,Heavy Rain, , ,1,SSE,1,SE,SPRINGFIELD GARDENS,05/09/2013,1045,40.6673,-73.7616,40.667,-73.7539,"In Laurelton, the Belt Pkwy. was closed in both directions with four vehicles stranded in 2-3 feet of water.","As a cutoff low pressure system moved across the area, showers and thunderstorms produced heavy rain, which led to flash flooding in Queens.",215
454733,RICHMOND CO.,ANNADALE,05/23/2013,1435,Flash Flood, , ,0,0,0,0,NY,EST-5, ,75263,C,85,OKX,0,0,Emergency Manager,Heavy Rain, , ,1,E,1,ENE,ANNADALE,05/23/2013,1505,40.5508,-74.1902,40.5517,-74.1892,A car was stranded in flood waters on Vespa Ave. near Arden Avenue.,"A pre-frontal trough ahead of a cold front triggered numerous showers and thunderstorms. These storms produced heavy rain, which resulted in flash flooding across portions of The Lower Hudson Valley and New York City.",216
454738,RICHMOND CO.,SOUTH BEACH,05/23/2013,1558,Flash Flood, , ,0,0,0,0,NY,EST-5, ,75263,C,85,OKX,0,0,Broadcast Media,Heavy Rain, , ,1,WNW,1,WSW,ROSEBANK,05/23/2013,1628,40.6098,-74.1008,40.611,-74.101,The westbound Staten Island Expressway was closed at Renwick Ave. due to flooding.,"A pre-frontal trough ahead of a cold front triggered numerous showers and thunderstorms. These storms produced heavy rain, which resulted in flash flooding across portions of The Lower Hudson Valley and New York City.",217
459595,NEW YORK CO.,CENTRAL PARK,06/02/2013,2259,Flash Flood, , ,0,0,0,0,NY,EST-5, ,76212,C,61,OKX,0,0,Newspaper,Heavy Rain, , ,2,NNE,2,NNE,CENTRAL PARK,06/02/2013,2330,40.8032,-73.9314,40.801,-73.9321,The FDR Drive was flooded at 125th Street.,"As a cold front moved towards the area, showers and thunderstorms produced heavy rainfall, which resulted in isolated flash flooding in Manhattan.",218
477769,QUEENS CO.,CORONA,09/02/2013,1230,Flash Flood, , ,0,0,0,0,NY,EST-5, ,79670,C,81,OKX,0,0,Emergency Manager,Heavy Rain, , ,2,NW,2,NW,CORONA,09/02/2013,1300,40.767,-73.8906,40.7656,-73.8901,All westbound lanes of the Grand Central Parkway at the Brooklyn-Queens Expressway were flooded.,"Several upper level shortwave troughs interacting with a warm, moist airmass and a surface trough produced scattered thunderstorms across the area. Precipitable waters ranged between 2 and 2 1/2 inches, which resulted in heavy rain and flash flooding in Queens.",219
525029,QUEENS CO.,LITTLE NECK,05/10/2014,1730,Flash Flood, , ,0,0,0,0,NY,EST-5, ,86944,C,81,OKX,0,0,Emergency Manager,Heavy Rain, , ,2,NW,2,NW,LITTLE NECK,05/10/2014,1800,40.7891,-73.7783,40.7881,-73.7787,Several cars were stranded in flood waters on the Cross Island Pkwy. near Bell Blvd. in Bayside. The FDNY responded to rescue people from their vehicles.,A warm front lingered just north of the region while a cold front approached the region from the west during the day. This resulted in scattered showers and thunderstorms which produced heavy rain and flash flooding in Queens.,220
524526,QUEENS CO.,FLUSHING ARPT,05/16/2014,2153,Flash Flood, , ,0,0,0,0,NY,EST-5, ,86863,C,81,OKX,0,0,Unknown,Heavy Rain, , ,2,ENE,2,ENE,FLUSHING ARPT,05/16/2014,2247,40.7874,-73.7913,40.7884,-73.7879,The Metropolitan Transportation Authority reported flooding blocking the ramps to the Throgs Neck Bridge in both directions on the Cross Island Pkwy. in Beechhurst.,A wave of low pressure riding along a cold front produced scattered showers and thunderstorms that resulted in heavy rain and flash flooding in portions of New York City and Nassau County.,221
524533,QUEENS CO.,COLLEGE PT,05/16/2014,2216,Flash Flood, , ,0,0,0,0,NY,EST-5, ,86863,C,81,OKX,0,0,Unknown,Heavy Rain, , ,1,NNE,1,N,FLUSHING ARPT,05/16/2014,2246,40.7916,-73.8253,40.7918,-73.8215,The Metropolitan Transportation Authority reported the ramp from the Whitestone Bridge to 14th Ave. was closed due to flooding.,A wave of low pressure riding along a cold front produced scattered showers and thunderstorms that resulted in heavy rain and flash flooding in portions of New York City and Nassau County.,222
529220,RICHMOND CO.,SOUTH BEACH,06/13/2014,1735,Flash Flood, , ,0,0,0,0,NY,EST-5, ,87719,C,85,OKX,0,0,Emergency Manager,Heavy Rain, , ,1,E,1,E,SOUTH BEACH,06/13/2014,1820,40.6004,-74.0647,40.6005,-74.0668,The ramp from Lily Pond Ave. to the lower level of the Brooklyn Bound Verrazano Bridge was closed due to flooding.,An approaching cold front triggered a line of thunderstorms that produced heavy rain and resulted in flash flooding in portions of New York City.,223
529219,KINGS CO.,BROOKLYN,06/13/2014,1742,Flash Flood, , ,0,0,0,0,NY,EST-5, ,87719,C,47,OKX,0,0,Public,Heavy Rain, , ,3,WNW,3,WNW,BROOKLYN,06/13/2014,1820,40.6768,-73.9843,40.676,-73.9847,A car was stalled in flood waters at the intersection of 4th Ave. and Carroll St. in Park Slope.,An approaching cold front triggered a line of thunderstorms that produced heavy rain and resulted in flash flooding in portions of New York City.,224
529218,QUEENS CO.,WOODHAVEN,06/13/2014,1750,Flash Flood, , ,0,0,0,0,NY,EST-5, ,87719,C,81,OKX,0,0,Trained Spotter,Heavy Rain, , ,2,NNE,2,NNE,WOODHAVEN,06/13/2014,1820,40.7231,-73.8427,40.7226,-73.8422,The intersection of 110th St. and 70th Rd. in Forest Hills was impassable and closed due to flooding.,An approaching cold front triggered a line of thunderstorms that produced heavy rain and resulted in flash flooding in portions of New York City.,225
535815,KINGS CO.,NEW YORK,07/02/2014,1915,Flash Flood, , ,0,0,0,0,NY,EST-5, ,88868,C,47,OKX,0,0,Broadcast Media,Heavy Rain, , ,3,S,4,SSW,NEW YORK,07/02/2014,1945,40.6886,-74.0043,40.677,-74.0192,Several cars were stuck in flood waters in the neighborhood of Red Hook.,"A strong low level shortwave swung through the Northeast with a trough at the surface. A line of strong, with embedded severe thunderstorms formed along the trough and pushed through the area late in the afternoon into the evening. Some of these storms produced heavy rainfall, which resulted in flash flooding in Brooklyn.",226
536289,BRONX CO.,BRONX,07/03/2014,1940,Flash Flood, , ,0,0,0,0,NY,EST-5, ,89000,C,5,OKX,0,0,Department of Highways,Heavy Rain / Tropical System, , ,1,NNW,1,NNW,BRONX,07/03/2014,2010,40.8464,-73.914,40.8457,-73.9112,All lanes were closed on the Cross Bronx Expressway at Jerome Ave. due to flooding. The northbound exit ramp to Jerome Ave. was also closed due to flooding.,"As a cold front slowly moved across the area, moisture from Tropical Cyclone Arthur passing to the south and east converged along the boundary resulting in severe thunderstorms, heavy rain and flash flooding in portions of southeast New York.",227
537679,BRONX CO.,THROGGS NECK,07/15/2014,1448,Flash Flood, , ,0,0,0,0,NY,EST-5, ,89233,C,5,OKX,0,0,Emergency Manager,Heavy Rain, , ,1,NW,1,WNW,THROGGS NECK,07/15/2014,1518,40.8309,-73.8333,40.8248,-73.8343,All lanes were closed on the Cross Bronx Expressway due to flooding.,A cold front moving across the area interacted with a very moist airmass which produced showers and thunderstorms with damaging winds and torrential downpours resulting in flash flooding portions of southeast New York.,228
542517,BRONX CO.,SPUYTEN DUYVIL,08/31/2014,1608,Flash Flood, , ,0,0,0,0,NY,EST-5, ,90054,C,5,OKX,0,0,Department of Highways,Heavy Rain, , ,2,S,2,S,SPUYTEN DUYVIL,08/31/2014,1638,40.854,-73.919,40.8572,-73.9169,All lanes were blocked due to flooding on Interstate 87 at exit 8 (179th Street) in the Bronx.,"A very humid air mass combined with a passing surface trough to trigger numerous showers and thunderstorms, with embedded strong to severe thunderstorms. Some of these storms produced very heavy rain which led to isolated flash flooding in the Bronx.",229
545217,KINGS CO.,BENNETT FLD NAS,10/22/2014,345,Flash Flood, , ,0,0,0,0,NY,EST-5, ,90256,C,47,OKX,0,0,NWS Employee,Heavy Rain, , ,2,NW,2,WNW,BENNETT FLD NAS,10/22/2014,415,40.6015,-73.9037,40.5889,-73.9071,The Belt Pkwy. was closed at Exit 11 due to flooding.,Deep low pressure passed to the south and east of the area which produced strong winds and isolated flash flooding across portions of New York City and Long Island.,230
573675,RICHMOND CO.,GREAT KILLS,05/31/2015,1730,Flash Flood, , ,0,0,0,0,NY,EST-5, ,95485,C,85,OKX,0,0,Law Enforcement,Heavy Rain, , ,0,W,0,W,GREAT KILLS,05/31/2015,1930,40.5513,-74.179,40.5509,-74.1791,The intersection of Drumgoole Rd. and Notus Ave. in Annadale was closed due to flooding.,A cold front approaching the area triggered scattered showers and thunderstorms that produced heavy rain leading to flash flooding in Queens and Staten Island.,231
573682,QUEENS CO.,BAYSIDE,05/31/2015,1900,Flash Flood, , ,0,0,0,0,NY,EST-5, ,95485,C,81,OKX,0,0,Broadcast Media,Heavy Rain, , ,1,SW,1,SSE,AUBURNDALE,05/31/2015,1930,40.7397,-73.7896,40.7392,-73.7911,"The Long Island Expressway was closed at Exit 25 westbound, Utopia Pkwy., in Utopia due to flooding.",A cold front approaching the area triggered scattered showers and thunderstorms that produced heavy rain leading to flash flooding in Queens and Staten Island.,232
591860,KINGS CO.,NEW YORK,07/15/2015,1101,Flash Flood, , ,0,0,0,0,NY,EST-5, ,98366,C,47,OKX,0,0,Public,Heavy Rain, , ,4,S,4,WNW,BROOKLYN,07/15/2015,1200,40.6748,-73.9967,40.6743,-73.9947,"There was at least 2 feet of standing water on 9th Street near the Gowanus Ballroom in Gowanus, Brooklyn.","Thunderstorms formed along a stationary boundary out ahead of an approaching cold front. With weak steering flow, thunderstorms resulted in urban flash flooding across portions of New York City.",233
591861,KINGS CO.,NEW YORK,07/15/2015,1130,Flash Flood, , ,0,0,0,0,NY,EST-5, ,98366,C,47,OKX,0,0,Newspaper,Heavy Rain, , ,2,S,2,S,NEW YORK,07/15/2015,1200,40.6992,-73.9925,40.6998,-73.9922,Flooding was reported inside the High Street subway station in Brooklyn Heights.,"Thunderstorms formed along a stationary boundary out ahead of an approaching cold front. With weak steering flow, thunderstorms resulted in urban flash flooding across portions of New York City.",234
592047,BRONX CO.,WESTCHESTER,07/30/2015,1404,Flash Flood, , ,0,0,0,0,NY,EST-5, ,98403,C,5,OKX,0,0,Social Media,Heavy Rain, , ,1,SSW,1,SSW,WESTCHESTER,07/30/2015,1417,40.8216,-73.8861,40.8206,-73.8858,Water flooded the lower level of a business at Garrison Avenue and Whittier Street in Hunts Point.,"Increasing instability associated with a pre-frontal trough ahead of an approaching cold front allowed showers and thunderstorms to develop, resulting in isolated flash flooding.",235
645092,QUEENS CO.,RICHMOND HILL,07/25/2016,1612,Flash Flood, , ,0,0,0,0,NY,EST-5, ,107646,C,81,OKX,0,0,Emergency Manager,Heavy Rain, , ,2,S,2,S,RICHMOND HILL,07/25/2016,1815,40.6728,-73.8254,40.6727,-73.8248,The intersection of 133rd Avenue and 114th Place in South Ozone Park was closed due to flooding.,"Showers and thunderstorms developed in a very moist environment ahead of an approaching cold front, resulting in flash flooding across portions of New York City and suburban Long Island. John F. Kennedy airport received 2.47 inches of rain.",236
645097,QUEENS CO.,WOODHAVEN,07/25/2016,1745,Flash Flood, , ,0,0,0,0,NY,EST-5, ,107646,C,81,OKX,0,0,Amateur Radio,Heavy Rain, , ,3,S,3,S,WOODHAVEN,07/25/2016,1815,40.655,-73.8396,40.6535,-73.839,A car was stranded in high water due to flooding at 1622 Cross Bay Boulevard in Howard Beach.,"Showers and thunderstorms developed in a very moist environment ahead of an approaching cold front, resulting in flash flooding across portions of New York City and suburban Long Island. John F. Kennedy airport received 2.47 inches of rain.",237
645110,KINGS CO.,HOMECREST,07/25/2016,1820,Flash Flood, , ,0,0,0,0,NY,EST-5, ,107646,C,47,OKX,0,0,Amateur Radio,Heavy Rain, , ,1,ENE,1,ENE,HOMECREST,07/25/2016,1822,40.5869,-73.9324,40.5853,-73.9327,All three lanes of the westbound Belt Parkway were under water at Knapp Street in Marine Park due to flooding.,"Showers and thunderstorms developed in a very moist environment ahead of an approaching cold front, resulting in flash flooding across portions of New York City and suburban Long Island. John F. Kennedy airport received 2.47 inches of rain.",238
691841,RICHMOND CO.,CASTLETON CORNERS,05/05/2017,1045,Flash Flood, , ,0,0,0,0,NY,EST-5, ,115229,C,85,OKX,0,0,Trained Spotter,Heavy Rain, , ,1,S,1,SW,CASTLETON CORNERS,05/05/2017,1321,40.6031,-74.132,40.6113,-74.1454,Numerous streets were flooded and impassable to vehicles in the Willowbrook section of Staten Island.,"A warm front approaching the area combined with a strong low level jet ushering in precipitable water values in excess of 1.5 inches, resulted in flash flooding across parts of New York City and western Nassau County. Much of the area received one and a half to three inches of rain during the event, including Central Park (3.00 inches) and LaGuardia Airport (2.25 inches). The majority of the rain fell during a three hour period, with hourly rainfall rates of around an inch per hour.",239
691842,NEW YORK CO.,NEW YORK,05/05/2017,1240,Flash Flood, , ,0,0,0,0,NY,EST-5, ,115229,C,61,OKX,0,0,Broadcast Media,Heavy Rain, , ,2,N,2,NNW,NEW YORK,05/05/2017,1321,40.7547,-74.006,40.755,-74.007,West Side Highway was closed between 20th and 30th Streets in Chelsea due to flooding.,"A warm front approaching the area combined with a strong low level jet ushering in precipitable water values in excess of 1.5 inches, resulted in flash flooding across parts of New York City and western Nassau County. Much of the area received one and a half to three inches of rain during the event, including Central Park (3.00 inches) and LaGuardia Airport (2.25 inches). The majority of the rain fell during a three hour period, with hourly rainfall rates of around an inch per hour.",240
691843,NEW YORK CO.,NEW YORK,05/05/2017,1251,Flash Flood, , ,0,0,0,0,NY,EST-5, ,115229,C,61,OKX,0,0,Emergency Manager,Heavy Rain, , ,1,NNW,1,NNW,NEW YORK,05/05/2017,1321,40.7496,-74.0077,40.7505,-74.0075,A vehicle was stuck in a flooded roadway on West 24th Street and West Side Highway in Chelsea.,"A warm front approaching the area combined with a strong low level jet ushering in precipitable water values in excess of 1.5 inches, resulted in flash flooding across parts of New York City and western Nassau County. Much of the area received one and a half to three inches of rain during the event, including Central Park (3.00 inches) and LaGuardia Airport (2.25 inches). The majority of the rain fell during a three hour period, with hourly rainfall rates of around an inch per hour.",241
706862,KINGS CO.,BROOKLYN,06/19/2017,1636,Flash Flood, , ,0,0,0,0,NY,EST-5, ,117524,C,47,OKX,0,0,Social Media,Heavy Rain, , ,3,WNW,3,NW,BROOKLYN,06/19/2017,1706,40.6685,-73.9879,40.6785,-73.9806,Flash flooding was reported in the Gowanus section of Brooklyn.,"A cold front crossing the area during the afternoon and evening produced numerous showers and thunderstorms, some of which resulted in flash flooding across parts of the Lower Hudson Valley and New York City. These storms developed in an environment with precipitable water values of around 2 inches. Rainfall totals ranged from 1-3 inches across the area, with 2.45 reported by a trained spotter in Middletown, NY.",242
717842,BRONX CO.,WILLIAMS BRIDGE,08/02/2017,1637,Flash Flood, , ,0,0,0,0,NY,EST-5, ,119679,C,5,OKX,0,0,Law Enforcement,Heavy Rain, , ,1,ESE,1,ESE,WILLIAMS BRIDGE,08/02/2017,1707,40.8757,-73.87,40.8757,-73.8706,Bronx Boulevard was closed at Magenta Street in the Bronx due to flooding.,"An approaching upper level disturbance combined with increasing instability resulted in the development of afternoon showers and thunderstorms. With weak steering flow and precipitable water values of 1.5 or greater, these storms produced isolated flash flooding across parts of New York City and the Lower Hudson Valley.",243
717856,QUEENS CO.,RICHMOND HILL,08/04/2017,750,Flash Flood, , ,0,0,0,0,NY,EST-5, ,119682,C,81,OKX,0,0,Broadcast Media,Heavy Rain, , ,0,NNE,0,NNE,RICHMOND HILL,08/04/2017,820,40.7044,-73.8162,40.7043,-73.818,"A portion of the service road for the Van Wyck Expressway was closed due to flooding in Kew Gardens, Queens. In addition, two lanes were blocked due to flooding on the Van Wyck Expressway northbound approaching the Grand Central Parkway. Only one lane remained passable.","A weak upper level disturbance interacting with a moist environment and weak steering flow sparked the development of isolated morning thunderstorms over New York City, which led to flash flooding.",244
749697,BRONX CO.,SPUYTEN DUYVIL,04/16/2018,623,Flash Flood, , ,0,0,0,0,NY,EST-5, ,125008,C,5,OKX,0,0,Social Media,Heavy Rain, , ,1,NE,1,NE,SPUYTEN DUYVIL,04/16/2018,1045,40.8871,-73.9114,40.8877,-73.9109,The Henry Hudson Parkway was closed at West 237th Street in Riverdale due to flooding.,"Heavy rainfall developed across the area on the morning of April 16th ahead of a slow moving warm front. This rain developed in an environment with precipitable water values greater than 1.25 inches, well above normal for mid April. Rainfall totals generally ranged from 1.5 to 3.5 inches across much of New York City and the Lower Hudson Valley, with the majority of the rain falling in a 3-4 hour period. This resulted in flash flooding across the region.",245
749699,RICHMOND CO.,RICHMOND VLY,04/16/2018,739,Flash Flood, , ,0,0,0,0,NY,EST-5, ,125008,C,85,OKX,0,0,Broadcast Media,Heavy Rain, , ,1,S,1,ESE,HUGUENOT,04/16/2018,1045,40.5122,-74.2517,40.5243,-74.1997,Staten Island Railway service was suspended in both directions between Tottenville and Huguenot due to flooding at Richmond Valley.,"Heavy rainfall developed across the area on the morning of April 16th ahead of a slow moving warm front. This rain developed in an environment with precipitable water values greater than 1.25 inches, well above normal for mid April. Rainfall totals generally ranged from 1.5 to 3.5 inches across much of New York City and the Lower Hudson Valley, with the majority of the rain falling in a 3-4 hour period. This resulted in flash flooding across the region.",246
749702,NEW YORK CO.,CENTRAL PARK,04/16/2018,847,Flash Flood, , ,0,0,0,0,NY,EST-5, ,125008,C,61,OKX,0,0,Social Media,Heavy Rain, , ,3,N,3,N,CENTRAL PARK,04/16/2018,1045,40.8264,-73.951,40.8268,-73.9506,The subway station at 145th Street and Broadway was flooded in Manhattan.,"Heavy rainfall developed across the area on the morning of April 16th ahead of a slow moving warm front. This rain developed in an environment with precipitable water values greater than 1.25 inches, well above normal for mid April. Rainfall totals generally ranged from 1.5 to 3.5 inches across much of New York City and the Lower Hudson Valley, with the majority of the rain falling in a 3-4 hour period. This resulted in flash flooding across the region.",247
749709,NEW YORK CO.,CENTRAL PARK,04/16/2018,1011,Flash Flood, , ,0,0,0,0,NY,EST-5, ,125008,C,61,OKX,0,0,Law Enforcement,Heavy Rain, , ,5,N,5,N,CENTRAL PARK,04/16/2018,1045,40.849,-73.9431,40.8491,-73.944,The northbound lanes of the Henry Hudson Parkway were closed at 178th Street in Washington Heights due to flooding.,"Heavy rainfall developed across the area on the morning of April 16th ahead of a slow moving warm front. This rain developed in an environment with precipitable water values greater than 1.25 inches, well above normal for mid April. Rainfall totals generally ranged from 1.5 to 3.5 inches across much of New York City and the Lower Hudson Valley, with the majority of the rain falling in a 3-4 hour period. This resulted in flash flooding across the region.",248
749711,NEW YORK CO.,CENTRAL PARK,04/16/2018,1013,Flash Flood, , ,0,0,0,0,NY,EST-5, ,125008,C,61,OKX,0,0,Emergency Manager,Heavy Rain, , ,2,NW,2,NW,CENTRAL PARK,04/16/2018,1045,40.7958,-73.976,40.7962,-73.9771,The southbound lanes of the Henry Hudson Parkway were closed at West 96th Street in Bloomingdale due to flooding.,"Heavy rainfall developed across the area on the morning of April 16th ahead of a slow moving warm front. This rain developed in an environment with precipitable water values greater than 1.25 inches, well above normal for mid April. Rainfall totals generally ranged from 1.5 to 3.5 inches across much of New York City and the Lower Hudson Valley, with the majority of the rain falling in a 3-4 hour period. This resulted in flash flooding across the region.",249
749712,QUEENS CO.,WOODSIDE,04/16/2018,1027,Flash Flood, , ,0,0,0,0,NY,EST-5, ,125008,C,81,OKX,0,0,Broadcast Media,Heavy Rain, , ,1,NE,1,NE,WOODSIDE,04/16/2018,1045,40.7668,-73.9029,40.7673,-73.9039,The Grand Central Parkway was closed in both directions at 48th Street in Astoria due to flooding.,"Heavy rainfall developed across the area on the morning of April 16th ahead of a slow moving warm front. This rain developed in an environment with precipitable water values greater than 1.25 inches, well above normal for mid April. Rainfall totals generally ranged from 1.5 to 3.5 inches across much of New York City and the Lower Hudson Valley, with the majority of the rain falling in a 3-4 hour period. This resulted in flash flooding across the region.",250
764705,KINGS CO.,BROOKLYN,06/28/2018,1738,Flash Flood, , ,0,0,0,0,NY,EST-5, ,127563,C,47,OKX,0,0,Social Media,Heavy Rain, , ,1,SSE,1,SSE,BROOKLYN,06/28/2018,1819,40.6376,-73.9266,40.6382,-73.9264,The junction of Kings Highway and East 53rd Street was closed due to flooding in East Flatbush.,"Convection developed out ahead of an approaching cold front in a high precipitable water environment (around 2 inches based on the 12Z 6/28 OKX sounding), leading to isolated flash flooding across parts of Queens and Brooklyn. Close to one inch of rain fell in a short period of time over these areas.",251
764719,QUEENS CO.,SPRINGFIELD GARDENS,06/28/2018,1747,Flash Flood, , ,0,0,0,0,NY,EST-5, ,127563,C,81,OKX,0,0,Social Media,Heavy Rain, , ,1,SW,1,SW,SPRINGFIELD GARDENS,06/28/2018,1819,40.6657,-73.7871,40.6656,-73.789,South Conduit Avenue was closed due to flooding under the JFK Expressway near JFK Airport.,"Convection developed out ahead of an approaching cold front in a high precipitable water environment (around 2 inches based on the 12Z 6/28 OKX sounding), leading to isolated flash flooding across parts of Queens and Brooklyn. Close to one inch of rain fell in a short period of time over these areas.",252
764720,QUEENS CO.,LONG IS CITY,06/28/2018,1749,Flash Flood, , ,0,0,0,0,NY,EST-5, ,127563,C,81,OKX,0,0,Social Media,Heavy Rain, , ,0,N,0,NNW,LONG IS CITY,06/28/2018,1819,40.7365,-73.9313,40.7365,-73.9321,Greenpoint Avenue was closed due to flooding at Borden Avenue in Sunnyside.,"Convection developed out ahead of an approaching cold front in a high precipitable water environment (around 2 inches based on the 12Z 6/28 OKX sounding), leading to isolated flash flooding across parts of Queens and Brooklyn. Close to one inch of rain fell in a short period of time over these areas.",253
773482,NEW YORK CO.,CENTRAL PARK,07/17/2018,1530,Flash Flood, , ,0,0,0,0,NY,EST-5, ,129017,C,61,OKX,0,0,Department of Highways,Heavy Rain, , ,2,SSW,1,SSW,CENTRAL PARK,07/17/2018,1602,40.7591,-73.9579,40.7595,-73.9589,FDR Drive was closed due to flooding between 61st Street and 96th Street in Manhattan.,"Showers and thunderstorms developed in a moist and unstable airmass ahead of an approaching cold front, leading to isolated flash flooding across parts of the New York City Metro area. Precipitable water values during the afternoon were around 2 inches, and the ASOS in Central Park recorded 2.22 inches of rain, the majority of which fell within a 2-3 hour period.",254
775714,NEW YORK CO.,CENTRAL PARK,07/17/2018,1532,Flash Flood, , ,0,0,0,0,NY,EST-5, ,129017,C,61,OKX,0,0,Department of Highways,Heavy Rain, , ,1,SSW,1,SSW,CENTRAL PARK,07/17/2018,1602,40.7602,-73.9579,40.761,-73.9565,All lanes blocked on the northbound ramp to the FDR Drive and East 62nd Street in Manhattan due to flooding.,"Showers and thunderstorms developed in a moist and unstable airmass ahead of an approaching cold front, leading to isolated flash flooding across parts of the New York City Metro area. Precipitable water values during the afternoon were around 2 inches, and the ASOS in Central Park recorded 2.22 inches of rain, the majority of which fell within a 2-3 hour period.",255
773500,RICHMOND CO.,OAKWOOD HGTS,07/27/2018,1610,Flash Flood, , ,0,0,0,0,NY,EST-5, ,129024,C,85,OKX,0,0,Broadcast Media,Heavy Rain, , ,1,SSW,1,SSW,OAKWOOD HGTS,07/27/2018,1700,40.5526,-74.1405,40.5538,-74.1385,Portions of Amboy Road and Ainsworth Avenue closed due to flooding in the Bay Terrace section of Staten Island with emergency personnel responding to a water rescue on Amboy Road.,"Showers and thunderstorms developed out ahead of an approaching cold front and stalled over parts of Brooklyn and Staten Island, producing anywhere from 1-4.5 inches of rain in a matter of hours. The heaviest rain fell across Staten Island, where a mesonet in New Dorp Beach recorded 4.37 inches of rain. This resulted in numerous reports of flash flooding.",256
773501,RICHMOND CO.,GREAT KILLS,07/27/2018,1651,Flash Flood, , ,0,0,0,0,NY,EST-5, ,129024,C,85,OKX,0,0,Broadcast Media,Heavy Rain, , ,1,E,1,E,GREAT KILLS,07/27/2018,1700,40.55,-74.1566,40.5502,-74.1553,The intersection of Lamoka Avenue and Abington Avenue was closed due to flooding in Great Kills.,"Showers and thunderstorms developed out ahead of an approaching cold front and stalled over parts of Brooklyn and Staten Island, producing anywhere from 1-4.5 inches of rain in a matter of hours. The heaviest rain fell across Staten Island, where a mesonet in New Dorp Beach recorded 4.37 inches of rain. This resulted in numerous reports of flash flooding.",257
773502,RICHMOND CO.,GREAT KILLS,07/27/2018,1917,Flash Flood, , ,0,0,0,0,NY,EST-5, ,129024,C,85,OKX,0,0,Emergency Manager,Heavy Rain, , ,1,SE,1,SE,GREAT KILLS,07/27/2018,1947,40.5371,-74.1498,40.5378,-74.1514,Hylan Boulevard was closed in Great Kills due to flooding.,"Showers and thunderstorms developed out ahead of an approaching cold front and stalled over parts of Brooklyn and Staten Island, producing anywhere from 1-4.5 inches of rain in a matter of hours. The heaviest rain fell across Staten Island, where a mesonet in New Dorp Beach recorded 4.37 inches of rain. This resulted in numerous reports of flash flooding.",258
775744,BRONX CO.,SPUYTEN DUYVIL,08/04/2018,1030,Flash Flood, , ,0,0,0,0,NY,EST-5, ,129487,C,5,OKX,0,0,River/Stream Gage,Heavy Rain, , ,21,NNW,21,NNW,SPUYTEN DUYVIL,08/04/2018,1215,41.1414,-74.1178,41.1402,-74.1178,"The Mahwah River near Suffern rose above its flood stage of 4.0 feet at 11:30am EDT, crested at a height of 4.06 feet at 12:15pm EDT, and fell back below flood stage at 1:15pm EDT.","A developing area of low pressure along a surface trough helped produce heavy rainfall across parts of the Lower Hudson Valley on the morning of August 4th that resulted in flash flooding. Rainfall amounts ranged from 1-2.5 inches across Rockland County, with a CooCoRaHS observer in West Nyack reporting 2.47 inches of rain between the afternoon of August 3rd and the afternoon of August 4th.",259
779531,QUEENS CO.,CORONA,08/07/2018,1845,Flash Flood, , ,0,0,0,0,NY,EST-5, ,130179,C,81,OKX,0,0,Social Media,Heavy Rain, , ,1,SSE,1,SSE,CORONA,08/07/2018,1915,40.7296,-73.8622,40.7303,-73.8615,Flowing water up to the height of car tires was observed on 63rd Drive near Queens Boulevard in Rego Park.,"A surface trough developing in a hot and humid airmass ahead of an approaching cold front resulted in the development of widely scattered showers and thunderstorms on the afternoon of August 7th. By evening, these showers and storms merged over New York City and Long Island, resulting in isolated reports of flash flooding. Rainfall totals ranged from around one inch in parts of New York City to 1-3 inches across much of Nassau and western Suffolk County.",260
779609,NEW YORK CO.,NEW YORK,08/11/2018,728,Flash Flood, , ,0,0,0,0,NY,EST-5, ,130194,C,61,OKX,0,0,Broadcast Media,Heavy Rain, , ,2,ENE,2,NE,NEW YORK,08/11/2018,900,40.7437,-73.9711,40.7442,-73.9721,Flooding reported on FDR Drive with water up to car bottoms.,"A stalled stationary boundary within a very moist airmass provided a focusing mechanism for several rounds of heavy rain that resulted in isolated flash flooding in New York City. Rainfall amounts ranged from 1-3 inches across the city, with the majority of that rain falling in just a 1-2 hour time frame. The ASOS in Central Park recorded 2.90 inches of rain.",261
779610,QUEENS CO.,BROAD CHANNEL,08/11/2018,830,Flash Flood, , ,0,0,0,0,NY,EST-5, ,130194,C,81,OKX,0,0,Fire Department/Rescue,Heavy Rain, , ,2,NE,2,NE,BROAD CHANNEL,08/11/2018,900,40.6406,-73.7427,40.6401,-73.7433,"Flooding resulted in a water rescue at the intersection of Rockaway Boulevard and Brookville Boulevard in Rosedale, Queens.","A stalled stationary boundary within a very moist airmass provided a focusing mechanism for several rounds of heavy rain that resulted in isolated flash flooding in New York City. Rainfall amounts ranged from 1-3 inches across the city, with the majority of that rain falling in just a 1-2 hour time frame. The ASOS in Central Park recorded 2.90 inches of rain.",262
779619,QUEENS CO.,BROADWAY,08/11/2018,941,Flash Flood, , ,0,0,0,0,NY,EST-5, ,130194,C,81,OKX,0,0,Law Enforcement,Heavy Rain, , ,0,WNW,1,S,COLLEGE PT,08/11/2018,1011,40.772,-73.8291,40.7725,-73.8306,"Basements flooded due to heavy rain on 28th Road in Flushing, Queens.","A stalled stationary boundary within a very moist airmass provided a focusing mechanism for several rounds of heavy rain that resulted in isolated flash flooding in New York City. Rainfall amounts ranged from 1-3 inches across the city, with the majority of that rain falling in just a 1-2 hour time frame. The ASOS in Central Park recorded 2.90 inches of rain.",263
784228,BRONX CO.,WILLIAMS BRIDGE,09/25/2018,1222,Flash Flood, , ,0,0,0,0,NY,EST-5, ,131100,C,5,OKX,0,0,Broadcast Media,Heavy Rain, , ,1,NNW,1,NNW,WILLIAMS BRIDGE,09/25/2018,1455,40.8919,-73.8876,40.8916,-73.8862,The Moshulu Parkway was flooded at the I-87 interchange in the Bronx.,"Rain developed across the area ahead of an approaching warm front, consolidating into a slow-moving band of heavy rain west of New York City by late morning. Precipitable water values increased from 1.84 on the morning sounding from Upton, NY to 2.13 by evening. Both of these values are above the 90th percentile based on a sounding climatology, with the 2.13 precipitable water value on the evening of the 25th a record for the date. Rainfall amounts generally ranged from 1-4 inches across New York City and Westchester County, and 2-5 inches across portions of northern Suffolk County. The ASOS at Central Park recorded 2.08 inches of rain while the ASOS at the White Plains Airport recorded 4.43 inches of rain during the event. Farther east, 4.27 inches of rain was reported by a CoCoRaHS observer in Port Jefferson Station, while a member of the public reported 4.53 inches of rain in Setauket.",264
784743,BRONX CO.,FORDHAM,09/25/2018,1400,Flash Flood, , ,0,0,0,0,NY,EST-5, ,131100,C,5,OKX,0,0,River/Stream Gage,Heavy Rain, , ,1,SSE,1,SSE,FORDHAM,09/26/2018,415,40.8626,-73.8748,40.8626,-73.8742,"The Bronx River at the New York Botanical Garden exceeded its flood stage of 3.0 feet at 2:00pm EDT. The river then proceeded to rise above its moderate flood stage of 3.5 feet at 3:15pm EDT and above its major flood stage of 4.0 feet at 5:45pm, cresting at a height of 4.16 feet at 8:30pm EDT. The river fell back below flood stage at 4:15am EDT on September 26th.","Rain developed across the area ahead of an approaching warm front, consolidating into a slow-moving band of heavy rain west of New York City by late morning. Precipitable water values increased from 1.84 on the morning sounding from Upton, NY to 2.13 by evening. Both of these values are above the 90th percentile based on a sounding climatology, with the 2.13 precipitable water value on the evening of the 25th a record for the date. Rainfall amounts generally ranged from 1-4 inches across New York City and Westchester County, and 2-5 inches across portions of northern Suffolk County. The ASOS at Central Park recorded 2.08 inches of rain while the ASOS at the White Plains Airport recorded 4.43 inches of rain during the event. Farther east, 4.27 inches of rain was reported by a CoCoRaHS observer in Port Jefferson Station, while a member of the public reported 4.53 inches of rain in Setauket.",265
784230,QUEENS CO.,FLUSHING ARPT,09/25/2018,1515,Flash Flood, , ,0,0,0,0,NY,EST-5, ,131100,C,81,OKX,0,0,Trained Spotter,Heavy Rain, , ,2,ENE,2,ENE,FLUSHING ARPT,09/25/2018,1545,40.7885,-73.785,40.7891,-73.785,All southbound lanes on Bell Boulevard closed at 208th Place in Bayside with two feet of standing water. The police were on the scene.,"Rain developed across the area ahead of an approaching warm front, consolidating into a slow-moving band of heavy rain west of New York City by late morning. Precipitable water values increased from 1.84 on the morning sounding from Upton, NY to 2.13 by evening. Both of these values are above the 90th percentile based on a sounding climatology, with the 2.13 precipitable water value on the evening of the 25th a record for the date. Rainfall amounts generally ranged from 1-4 inches across New York City and Westchester County, and 2-5 inches across portions of northern Suffolk County. The ASOS at Central Park recorded 2.08 inches of rain while the ASOS at the White Plains Airport recorded 4.43 inches of rain during the event. Farther east, 4.27 inches of rain was reported by a CoCoRaHS observer in Port Jefferson Station, while a member of the public reported 4.53 inches of rain in Setauket.",266
786338,QUEENS CO.,COLLEGE PT,09/28/2018,505,Flash Flood, , ,0,0,0,0,NY,EST-5, ,131418,C,81,OKX,0,0,Public,Heavy Rain, , ,1,SSW,1,SSW,COLLEGE PT,09/28/2018,538,40.772,-73.8334,40.7717,-73.8338,"Linden Place was closed due to flooding north of I-678 (Whitestone Expressway) in College Point, Queens.","As an area of low pressure and its associated warm front approached the region from the south, precipitation overspread the New York City metro area during the early morning hours of September 28th. With precipitable water values around 2 inches and much of the rain falling in just a few hours over an urban area, this resulted in isolated flash flooding in New York City.",267
786340,RICHMOND CO.,OAKWOOD HGTS,09/28/2018,508,Flash Flood, , ,0,0,0,0,NY,EST-5, ,131418,C,85,OKX,0,0,Newspaper,Heavy Rain, , ,1,SSW,1,SSW,OAKWOOD HGTS,09/28/2018,538,40.5536,-74.1405,40.5539,-74.141,Amboy Road was blocked at Bay Terrace with a couple cars stuck in flood waters under the Staten Island Railway train trestle in the Bay Terrace section of Staten Island.,"As an area of low pressure and its associated warm front approached the region from the south, precipitation overspread the New York City metro area during the early morning hours of September 28th. With precipitable water values around 2 inches and much of the rain falling in just a few hours over an urban area, this resulted in isolated flash flooding in New York City.",268
793061,QUEENS CO.,LITTLE NECK,12/21/2018,930,Flash Flood, , ,0,0,0,0,NY,EST-5, ,132540,C,81,OKX,0,0,Emergency Manager,Heavy Rain, , ,1,SW,1,SW,LITTLE NECK,12/21/2018,935,40.7634,-73.7594,40.7612,-73.758,"The southbound lanes of the Cross Island Parkway were closed due to flooding at the exit for Northern Boulevard in Bayside, Queens.","Low pressure moving up the spine of the Appalachians resulted in widespread heavy rainfall and reports of flash flooding across portions of southeast New York. A record high precipitable water value of 1.66 inches was recorded on the 12Z sounding from Upton, NY. Rainfall amounts across the region ranged from 1.5 to 4. A CoCoRaHS observer in Armonk reported 3.72 inches of rain from this event, while a cooperative observer in Centerport recorded 2.94 inches. In New York City, the ASOS in Central Park recorded 1.85 inches of rain, while the ASOS at JFK Airport recorded 2.03.",269
847280,QUEENS CO.,WOODSIDE,07/17/2019,1930,Flash Flood, , ,0,0,0,0,NY,EST-5, ,141019,C,81,OKX,0,0,Broadcast Media,Heavy Rain, , ,1,W,1,W,WOODSIDE,07/17/2019,2039,40.7466,-73.9457,40.7472,-73.9455,"Water was flowing onto the tracks at the Court Square subway station in Long Island City, Queens.","Showers and thunderstorms developed in a sub-tropical environment ahead of the remnants of Post Tropical Cyclone Barry, resulting in flash flooding across portions of New York City and Long Island. Based on the 12Z upper air sounding from Upton, New York, precipitable water values across the region were around 2.25 inches. Rainfall amounts across these areas generally ranged from 1-2 inches, with locally higher amounts. LaGuardia Airport measured 2.67 inches of rain.",270
847281,QUEENS CO.,LITTLE NECK,07/17/2019,1943,Flash Flood, , ,0,0,0,0,NY,EST-5, ,141019,C,81,OKX,0,0,Broadcast Media,Heavy Rain, , ,1,WNW,2,WNW,LITTLE NECK,07/17/2019,2039,40.78,-73.7749,40.7802,-73.7759,"Several cars were stranded by high water on Bell Boulevard in Bay Terrace, Queens.","Showers and thunderstorms developed in a sub-tropical environment ahead of the remnants of Post Tropical Cyclone Barry, resulting in flash flooding across portions of New York City and Long Island. Based on the 12Z upper air sounding from Upton, New York, precipitable water values across the region were around 2.25 inches. Rainfall amounts across these areas generally ranged from 1-2 inches, with locally higher amounts. LaGuardia Airport measured 2.67 inches of rain.",271
847286,QUEENS CO.,BROADWAY,07/17/2019,2009,Flash Flood, , ,0,0,0,0,NY,EST-5, ,141019,C,81,OKX,0,0,Law Enforcement,Heavy Rain, , ,1,W,1,W,BROADWAY,07/17/2019,2039,40.7695,-73.8312,40.7694,-73.8316,"Police responded to a vehicle stuck in high water due to flooding at the intersection of 137th Street and 31st Road in Flushing, Queens. The intersection is closed.","Showers and thunderstorms developed in a sub-tropical environment ahead of the remnants of Post Tropical Cyclone Barry, resulting in flash flooding across portions of New York City and Long Island. Based on the 12Z upper air sounding from Upton, New York, precipitable water values across the region were around 2.25 inches. Rainfall amounts across these areas generally ranged from 1-2 inches, with locally higher amounts. LaGuardia Airport measured 2.67 inches of rain.",272
848598,QUEENS CO.,CORONA,07/22/2019,1809,Flash Flood, , ,0,0,0,0,NY,EST-5, ,141282,C,81,OKX,0,0,Trained Spotter,Heavy Rain, , ,1,SSW,1,SSW,CORONA,07/22/2019,1945,40.7365,-73.8782,40.7372,-73.8778,"Water was being pumped from a basement near the intersection of Grand Avenue and Queens Boulevard in Elmhurst, Queens.","Flow parallel to a stalled frontal boundary across the region allowed showers and thunderstorms to train across the region during the afternoon and evening hours. These storms developed in an environment with precipitable water values around 2.25 inches and produced widespread 1-2 inch rainfall amounts across the region. The Central Park ASOS reported 1.57 inches of rain in this event, with much of that falling within a 1-2 hour period.",273
848604,QUEENS CO.,WOODHAVEN,07/22/2019,1833,Flash Flood, , ,0,0,0,0,NY,EST-5, ,141282,C,81,OKX,0,0,Social Media,Heavy Rain, , ,3,SSE,3,SSE,WOODHAVEN,07/22/2019,1945,40.6596,-73.8378,40.6577,-73.8374,"In Howard Beach, 95th Street was closed due to flooding between 159th Avenue and 160th Avenue.","Flow parallel to a stalled frontal boundary across the region allowed showers and thunderstorms to train across the region during the afternoon and evening hours. These storms developed in an environment with precipitable water values around 2.25 inches and produced widespread 1-2 inch rainfall amounts across the region. The Central Park ASOS reported 1.57 inches of rain in this event, with much of that falling within a 1-2 hour period.",274
848605,QUEENS CO.,BAYSIDE,07/22/2019,1845,Flash Flood, , ,0,0,0,0,NY,EST-5, ,141282,C,81,OKX,0,0,Social Media,Heavy Rain, , ,1,SSW,1,SSW,BAYSIDE,07/22/2019,1945,40.7399,-73.7876,40.7405,-73.7855,"I-495 was closed in both directions due to flooding at 188th Street in Fresh Meadows, Queens. The water was within a few inches of the top of the jersey barrier separating the east and westbound lanes.","Flow parallel to a stalled frontal boundary across the region allowed showers and thunderstorms to train across the region during the afternoon and evening hours. These storms developed in an environment with precipitable water values around 2.25 inches and produced widespread 1-2 inch rainfall amounts across the region. The Central Park ASOS reported 1.57 inches of rain in this event, with much of that falling within a 1-2 hour period.",275
848606,QUEENS CO.,BAYSIDE,07/22/2019,1918,Flash Flood, , ,0,0,0,0,NY,EST-5, ,141282,C,81,OKX,0,0,Emergency Manager,Heavy Rain, , ,1,NNE,1,NNE,BAYSIDE,07/22/2019,1945,40.7578,-73.7762,40.7578,-73.7775,The Clearview Expressway in Bayside was closed northbound at Northern Boulevard due to flooding.,"Flow parallel to a stalled frontal boundary across the region allowed showers and thunderstorms to train across the region during the afternoon and evening hours. These storms developed in an environment with precipitable water values around 2.25 inches and produced widespread 1-2 inch rainfall amounts across the region. The Central Park ASOS reported 1.57 inches of rain in this event, with much of that falling within a 1-2 hour period.",276
848626,QUEENS CO.,ROSEDALE,07/23/2019,747,Flash Flood, , ,0,0,0,0,NY,EST-5, ,141290,C,81,OKX,0,0,Social Media,Heavy Rain, , ,0,NW,0,NW,ROSEDALE,07/23/2019,800,40.6731,-73.7337,40.6736,-73.7353,"All eastbound lanes of the Belt Parkway were closed due to flooding between Merrick Boulevard and the Cross Island Parkway in Laurelton, Queens.","Another wave of low pressure moved along a frontal boundary stalled over the region during the early morning hours of Tuesday, July 23rd. After widespread rainfall totals of 1-2 inches the night before, additional rainfall amounts of around one inch increased the two day rainfall totals to 2-3 inches across much of the area, with the majority of that rain falling within roughly an 18 hour period. This resulted in additional flash flooding, particularly across urban areas. Two day rainfall totals included 2.10 inches in Central Park, 3.52 inches at JFK Airport, and a report of 3.94 inches of rain from a cooperative observer in Syosset.",277
848631,RICHMOND CO.,PORT RICHMOND,07/31/2019,1515,Flash Flood, , ,0,0,0,0,NY,EST-5, ,141296,C,85,OKX,0,0,Social Media,Heavy Rain, , ,1,NW,1,NW,PORT RICHMOND,07/31/2019,1556,40.6366,-74.1575,40.6366,-74.1583,"A video shows a flooded MTA bus with water up to the floorboards of other vehicles near the intersection of Richmond Terrace and Union Avenue in Mariners Harbor, Staten Island.","Showers and thunderstorms developed during the afternoon as precipitable water values rose above 1.50 inches, resulting in isolated flash flooding on Staten Island.",278
848634,RICHMOND CO.,ELM PARK,07/31/2019,1526,Flash Flood, , ,0,0,0,0,NY,EST-5, ,141296,C,85,OKX,0,0,Public,Heavy Rain, , ,1,S,0,SSE,WILLOWBROOK,07/31/2019,1556,40.6201,-74.1686,40.5951,-74.1683,Street flooding with water up to car floorboards was reported in the Bulls Head section of Staten Island.,"Showers and thunderstorms developed during the afternoon as precipitable water values rose above 1.50 inches, resulting in isolated flash flooding on Staten Island.",279
855255,RICHMOND CO.,OAKWOOD HGTS,08/07/2019,1640,Flash Flood, , ,0,0,0,0,NY,EST-5, ,142488,C,85,OKX,0,0,Fire Department/Rescue,Heavy Rain, , ,1,SSW,1,SSW,OAKWOOD HGTS,08/07/2019,1710,40.553,-74.1417,40.5538,-74.1403,A car was stranded in high water near Amboy Road in the Bay Terrace section of Staten Island.,"Showers and thunderstorms developed across the New York City metro area ahead of a cold front during the afternoon of August 7th. These storms developed in an environment with precipitable water values close to 2 inches. Multiple rounds of showers and storms exacerbated the flash flood threat, with many locations receiving 1-3 inches of rain, much of which fell in only a few hours. A CoCoRaHS observer on Staten Island reported 2.26 inches of rain with this event.",280
904736,KINGS CO.,BROOKLYN,07/10/2020,1250,Flash Flood, , ,0,0,0,0,NY,EST-5, ,150052,C,47,OKX,0,0,Law Enforcement,Heavy Rain, , ,1,S,1,S,BROOKLYN,07/10/2020,1630,40.6371,-73.9285,40.6378,-73.9286,"Farragut Road was closed due to flooding east of Utica Avenue by Kings Highway in East Flatbush, Brooklyn.","Tropical Storm Fay tracked northward along the New Jersey coast before passing west of New York City. Several rounds of heavy rain occurred over the New York City metro area as the storm approached. This rain developed in a tropical airmass, with precipitable water values over 2 inches. Some of the highest rainfall totals occurred in New York City, where the ASOS in Central Park reported 2.43 inches of rain, and New York State Mesonet stations reported 2.96 inches in Midtown Manhattan, 2.44 inches in Brooklyn, 2.21 inches in Staten Island, 2.17 inches in the Bronx, and 2.08 inches in Queens.",281
904737,KINGS CO.,BROOKLYN,07/10/2020,1250,Flash Flood, , ,0,0,0,0,NY,EST-5, ,150052,C,47,OKX,0,0,Law Enforcement,Heavy Rain, , ,2,WSW,2,WSW,BROOKLYN,07/10/2020,1630,40.634,-73.9686,40.6353,-73.9694,"The road was closed due to flooding at 18th Avenue into Ditmas Avenue in Flatbush, Brooklyn.","Tropical Storm Fay tracked northward along the New Jersey coast before passing west of New York City. Several rounds of heavy rain occurred over the New York City metro area as the storm approached. This rain developed in a tropical airmass, with precipitable water values over 2 inches. Some of the highest rainfall totals occurred in New York City, where the ASOS in Central Park reported 2.43 inches of rain, and New York State Mesonet stations reported 2.96 inches in Midtown Manhattan, 2.44 inches in Brooklyn, 2.21 inches in Staten Island, 2.17 inches in the Bronx, and 2.08 inches in Queens.",282
904738,KINGS CO.,CONEY IS,07/10/2020,1345,Flash Flood, , ,0,0,0,0,NY,EST-5, ,150052,C,47,OKX,0,0,Law Enforcement,Heavy Rain, , ,5,NNW,5,NNW,CONEY IS,07/10/2020,1630,40.6396,-74.0238,40.6403,-74.0227,"The road was closed due to flooding at 3rd Avenue north of 65th Street near the Belt Parkway in Bay Ridge, Brooklyn.","Tropical Storm Fay tracked northward along the New Jersey coast before passing west of New York City. Several rounds of heavy rain occurred over the New York City metro area as the storm approached. This rain developed in a tropical airmass, with precipitable water values over 2 inches. Some of the highest rainfall totals occurred in New York City, where the ASOS in Central Park reported 2.43 inches of rain, and New York State Mesonet stations reported 2.96 inches in Midtown Manhattan, 2.44 inches in Brooklyn, 2.21 inches in Staten Island, 2.17 inches in the Bronx, and 2.08 inches in Queens.",283
904739,QUEENS CO.,ROSEDALE,07/10/2020,1448,Flash Flood, , ,0,0,0,0,NY,EST-5, ,150052,C,81,OKX,0,0,Law Enforcement,Heavy Rain, , ,1,S,1,S,ROSEDALE,07/10/2020,1518,40.654,-73.7266,40.6584,-73.7273,"Hook Creek Boulevard was closed due to flooding between 148th Road and 145th Avenue in Rosedale, Queens.","Tropical Storm Fay tracked northward along the New Jersey coast before passing west of New York City. Several rounds of heavy rain occurred over the New York City metro area as the storm approached. This rain developed in a tropical airmass, with precipitable water values over 2 inches. Some of the highest rainfall totals occurred in New York City, where the ASOS in Central Park reported 2.43 inches of rain, and New York State Mesonet stations reported 2.96 inches in Midtown Manhattan, 2.44 inches in Brooklyn, 2.21 inches in Staten Island, 2.17 inches in the Bronx, and 2.08 inches in Queens.",284
904747,NEW YORK CO.,NEW YORK,07/10/2020,1515,Flash Flood, , ,0,0,0,0,NY,EST-5, ,150052,C,61,OKX,0,0,Law Enforcement,Heavy Rain, , ,1,SSW,1,SSW,NEW YORK,07/10/2020,1630,40.7143,-74.0137,40.7147,-74.0135,Barclay Street was closed due to flooding between West Street and Greenwich Street in Tribeca.,"Tropical Storm Fay tracked northward along the New Jersey coast before passing west of New York City. Several rounds of heavy rain occurred over the New York City metro area as the storm approached. This rain developed in a tropical airmass, with precipitable water values over 2 inches. Some of the highest rainfall totals occurred in New York City, where the ASOS in Central Park reported 2.43 inches of rain, and New York State Mesonet stations reported 2.96 inches in Midtown Manhattan, 2.44 inches in Brooklyn, 2.21 inches in Staten Island, 2.17 inches in the Bronx, and 2.08 inches in Queens.",285
904746,QUEENS CO.,FLUSHING ARPT,07/10/2020,1616,Flash Flood, , ,0,0,0,0,NY,EST-5, ,150052,C,81,OKX,0,0,Department of Highways,Heavy Rain, , ,2,ENE,2,ENE,FLUSHING ARPT,07/10/2020,1630,40.79,-73.7838,40.7893,-73.7839,"All lanes closed due to flooding on the ramp from the northbound Cross Island Parkway to the Throgs Neck Bridge in Bay Terrace, Queens.","Tropical Storm Fay tracked northward along the New Jersey coast before passing west of New York City. Several rounds of heavy rain occurred over the New York City metro area as the storm approached. This rain developed in a tropical airmass, with precipitable water values over 2 inches. Some of the highest rainfall totals occurred in New York City, where the ASOS in Central Park reported 2.43 inches of rain, and New York State Mesonet stations reported 2.96 inches in Midtown Manhattan, 2.44 inches in Brooklyn, 2.21 inches in Staten Island, 2.17 inches in the Bronx, and 2.08 inches in Queens.",286
968913,BRONX CO.,SPUYTEN DUYVIL,06/08/2021,1600,Flash Flood, , ,0,0,0,0,NY,EST-5, ,160336,C,5,OKX,0,0,Public,Heavy Rain, , ,1,NNE,1,NE,SPUYTEN DUYVIL,06/08/2021,1630,40.8908,-73.9117,40.8908,-73.9085,Road flooding and road closures with vehicles stranded reported via mPING in the vicinity of West 239th Street and the Henry Hudson Parkway (Route 9A) in the Riverdale section of the Bronx.,"A passing shortwave combined with a surface trough resulted in the development of showers and thunderstorms across the Lower Hudson Valley during the early afternoon hours. These thunderstorms developed in an environment with weak steering flow and high precipitable water values, resulting in several reports of flash flooding. Based on upper air soundings from Upton, NY, precipitable water values increased from around 1.75 inches on the morning of June 8th to just over 2 inches that evening. Rainfall amounts varied widely across the area, with a COOP observer in Port Jervis reporting 1.85 inches of rain and the ASOS at the White Plains Airport recording 1.55 inches.",287
976288,QUEENS CO.,COLLEGE PT,07/02/2021,1527,Flash Flood, , ,0,0,0,0,NY,EST-5, ,161698,C,81,OKX,0,0,Public,Heavy Rain, , ,0,ESE,0,E,COLLEGE PT,07/02/2021,1600,40.779,-73.8266,40.7797,-73.8262,The Whitestone Expressway was closed at 22nd Road in Flushing due to flooding.,"Low pressure meandering along a stalled frontal boundary produced scattered showers and thunderstorms across the region. With light upper level flow, these storms were generally slow moving, resulting in flash flooding across parts of New York City and the Lower Hudson Valley. Rainfall amounts in the heaviest storms ranged from around 1 to 1.5 inches.",288
976291,QUEENS CO.,BROADWAY,07/02/2021,1537,Flash Flood, , ,0,0,0,0,NY,EST-5, ,161698,C,81,OKX,0,0,Public,Heavy Rain, , ,0,WSW,0,W,BROADWAY,07/02/2021,1600,40.7694,-73.8214,40.77,-73.8215,The lobby of a building in Flushing was flooded with a few inches of flood water. The office on the ground floor was pumping out floodwater.,"Low pressure meandering along a stalled frontal boundary produced scattered showers and thunderstorms across the region. With light upper level flow, these storms were generally slow moving, resulting in flash flooding across parts of New York City and the Lower Hudson Valley. Rainfall amounts in the heaviest storms ranged from around 1 to 1.5 inches.",289
976293,QUEENS CO.,FLUSHING,07/02/2021,1552,Flash Flood, , ,0,0,0,0,NY,EST-5, ,161698,C,81,OKX,0,0,Public,Heavy Rain, , ,1,S,1,S,FLUSHING,07/02/2021,1600,40.7302,-73.8307,40.7306,-73.8302,Standing water was reported up to the bumpers of cars in Jamaica.,"Low pressure meandering along a stalled frontal boundary produced scattered showers and thunderstorms across the region. With light upper level flow, these storms were generally slow moving, resulting in flash flooding across parts of New York City and the Lower Hudson Valley. Rainfall amounts in the heaviest storms ranged from around 1 to 1.5 inches.",290
976295,QUEENS CO.,BROADWAY,07/02/2021,1552,Flash Flood, , ,0,0,0,0,NY,EST-5, ,161698,C,81,OKX,0,0,Public,Heavy Rain, , ,1,W,1,W,BROADWAY,07/02/2021,1600,40.7697,-73.8305,40.7704,-73.8308,Standing water was reported up to the bumpers of cars in Flushing.,"Low pressure meandering along a stalled frontal boundary produced scattered showers and thunderstorms across the region. With light upper level flow, these storms were generally slow moving, resulting in flash flooding across parts of New York City and the Lower Hudson Valley. Rainfall amounts in the heaviest storms ranged from around 1 to 1.5 inches.",291
976341,NEW YORK CO.,CENTRAL PARK,07/08/2021,1455,Flash Flood, , ,0,0,0,0,NY,EST-5, ,161710,C,61,OKX,0,0,Public,Heavy Rain, , ,6,NNE,6,NNE,CENTRAL PARK,07/08/2021,1645,40.8618,-73.9254,40.8612,-73.9249,Water was reported up to the top of a car tire on the corner of Nagle Avenue and Dyckman Street due to flooding in Washington Heights.,"A predecessor rainfall event resulted in flash flooding across portions of the area as moisture streaming northward ahead of Tropical Storm Elsa encountered a stationary boundary draped across the area. Rainfall amounts ranged 2-4 inches across portions of Manhattan, the Bronx, and Westchester County, with lesser amounts elsewhere. The ASOS in Central Park reported 2.27 inches of rain from this event, while the New York State Mesonet station in Fordham reported 3.55 inches.",292
976344,BRONX CO.,SPUYTEN DUYVIL,07/08/2021,1519,Flash Flood, , ,0,0,0,0,NY,EST-5, ,161710,C,5,OKX,0,0,Department of Highways,Heavy Rain, , ,1,SSE,2,S,SPUYTEN DUYVIL,07/08/2021,1645,40.8635,-73.9092,40.8557,-73.9158,All lanes were closed on the Major Deegan Expressway (I-87) southbound in Fordham due to flooding.,"A predecessor rainfall event resulted in flash flooding across portions of the area as moisture streaming northward ahead of Tropical Storm Elsa encountered a stationary boundary draped across the area. Rainfall amounts ranged 2-4 inches across portions of Manhattan, the Bronx, and Westchester County, with lesser amounts elsewhere. The ASOS in Central Park reported 2.27 inches of rain from this event, while the New York State Mesonet station in Fordham reported 3.55 inches.",293
976347,BRONX CO.,MOTT HAVEN JCT,07/08/2021,1530,Flash Flood, , ,0,0,0,0,NY,EST-5, ,161710,C,5,OKX,0,0,Public,Heavy Rain, , ,1,W,1,NE,HARLEM RIVER,07/08/2021,1645,40.82,-73.93,40.8053,-73.9108,Several subway stations in the Bronx were inundated with flood waters.,"A predecessor rainfall event resulted in flash flooding across portions of the area as moisture streaming northward ahead of Tropical Storm Elsa encountered a stationary boundary draped across the area. Rainfall amounts ranged 2-4 inches across portions of Manhattan, the Bronx, and Westchester County, with lesser amounts elsewhere. The ASOS in Central Park reported 2.27 inches of rain from this event, while the New York State Mesonet station in Fordham reported 3.55 inches.",294
976400,BRONX CO.,SPUYTEN DUYVIL,07/08/2021,1545,Flash Flood, , ,0,0,0,0,NY,EST-5, ,161710,C,5,OKX,0,0,Broadcast Media,Heavy Rain, , ,2,S,2,S,SPUYTEN DUYVIL,07/08/2021,1600,40.8556,-73.9195,40.8573,-73.9187,Over a dozen motorists were rescued by the NYPD on the Major Deegan Expressway at W. 179th Street in Morris Heights due to flooding.,"A predecessor rainfall event resulted in flash flooding across portions of the area as moisture streaming northward ahead of Tropical Storm Elsa encountered a stationary boundary draped across the area. Rainfall amounts ranged 2-4 inches across portions of Manhattan, the Bronx, and Westchester County, with lesser amounts elsewhere. The ASOS in Central Park reported 2.27 inches of rain from this event, while the New York State Mesonet station in Fordham reported 3.55 inches.",295
976417,NEW YORK CO.,CENTRAL PARK,07/08/2021,1600,Flash Flood, , ,0,0,0,0,NY,EST-5, ,161710,C,61,OKX,0,0,Broadcast Media,Heavy Rain, , ,4,N,4,N,CENTRAL PARK,07/08/2021,1645,40.8339,-73.9459,40.8346,-73.9452,Significant flooding inundated the 157th Street subway station in Washington Heights.,"A predecessor rainfall event resulted in flash flooding across portions of the area as moisture streaming northward ahead of Tropical Storm Elsa encountered a stationary boundary draped across the area. Rainfall amounts ranged 2-4 inches across portions of Manhattan, the Bronx, and Westchester County, with lesser amounts elsewhere. The ASOS in Central Park reported 2.27 inches of rain from this event, while the New York State Mesonet station in Fordham reported 3.55 inches.",296
976412,BRONX CO.,MOTT HAVEN JCT,07/08/2021,1602,Flash Flood, , ,0,0,0,0,NY,EST-5, ,161710,C,5,OKX,0,0,Broadcast Media,Heavy Rain, , ,2,NNW,2,NW,BRONX,07/08/2021,1645,40.8422,-73.9293,40.8473,-73.9265,The Major Deegan Expressway was flooded near the Cross Bronx Expressway in Morris Heights. All lanes were blocked and vehicles were stranded.,"A predecessor rainfall event resulted in flash flooding across portions of the area as moisture streaming northward ahead of Tropical Storm Elsa encountered a stationary boundary draped across the area. Rainfall amounts ranged 2-4 inches across portions of Manhattan, the Bronx, and Westchester County, with lesser amounts elsewhere. The ASOS in Central Park reported 2.27 inches of rain from this event, while the New York State Mesonet station in Fordham reported 3.55 inches.",297
976419,NEW YORK CO.,CENTRAL PARK,07/08/2021,1655,Flash Flood, , ,0,0,0,0,NY,EST-5, ,161710,C,61,OKX,0,0,Department of Highways,Heavy Rain, , ,4,NNE,4,N,CENTRAL PARK,07/08/2021,1725,40.8381,-73.9341,40.8361,-73.9354,Harlem River Drive was closed southbound in Washington Heights in the area of Exit 23 due to flooding.,"A predecessor rainfall event resulted in flash flooding across portions of the area as moisture streaming northward ahead of Tropical Storm Elsa encountered a stationary boundary draped across the area. Rainfall amounts ranged 2-4 inches across portions of Manhattan, the Bronx, and Westchester County, with lesser amounts elsewhere. The ASOS in Central Park reported 2.27 inches of rain from this event, while the New York State Mesonet station in Fordham reported 3.55 inches.",298
981790,KINGS CO.,BROOKLYN,08/21/2021,2100,Flash Flood, , ,0,0,0,0,NY,EST-5, ,162612,C,47,OKX,0,0,Emergency Manager,Heavy Rain, , ,3,WNW,3,WNW,BROOKLYN,08/22/2021,109,40.6767,-73.9842,40.6764,-73.9834,"A water rescue was reported at the intersection of 4th Avenue and Carroll Street in Park Slope, Brooklyn, due to flash flooding.","Showers and thunderstorms streaming northward well ahead of approaching Hurricane Henri resulted in flash flooding across portions of New York City and Western Long Island. This rainfall developed in a moisture-rich environment, with the 8pm sounding from Upton, NY recording precipitable water values around 2.25 inches. Rainfall totals from this predecessor rainfall event ranged from 1-5 inches. The ASOS in Central Park recorded 4.45 inches of rain for August 21, a new record for the date, much of which fell within a three hour period from 9pm to midnight.",299
981789,KINGS CO.,CONEY IS,08/21/2021,2100,Flash Flood, , ,0,0,0,0,NY,EST-5, ,162612,C,47,OKX,0,0,Emergency Manager,Heavy Rain, , ,5,NNW,5,NNW,CONEY IS,08/22/2021,109,40.6404,-74.0226,40.6391,-74.0225,"A water rescue was reported on 3rd Avenue beneath the Gowanus Expressway in Bay Ridge, Brooklyn due to flash flooding.","Showers and thunderstorms streaming northward well ahead of approaching Hurricane Henri resulted in flash flooding across portions of New York City and Western Long Island. This rainfall developed in a moisture-rich environment, with the 8pm sounding from Upton, NY recording precipitable water values around 2.25 inches. Rainfall totals from this predecessor rainfall event ranged from 1-5 inches. The ASOS in Central Park recorded 4.45 inches of rain for August 21, a new record for the date, much of which fell within a three hour period from 9pm to midnight.",300
981791,KINGS CO.,BROOKLYN,08/21/2021,2106,Flash Flood, , ,0,0,0,0,NY,EST-5, ,162612,C,47,OKX,0,0,Public,Heavy Rain, , ,4,WNW,3,NW,BROOKLYN,08/22/2021,109,40.6663,-73.9934,40.6775,-73.9838,Vehicles were stranded due to flash flooding on 4th Avenue in Park Slope.,"Showers and thunderstorms streaming northward well ahead of approaching Hurricane Henri resulted in flash flooding across portions of New York City and Western Long Island. This rainfall developed in a moisture-rich environment, with the 8pm sounding from Upton, NY recording precipitable water values around 2.25 inches. Rainfall totals from this predecessor rainfall event ranged from 1-5 inches. The ASOS in Central Park recorded 4.45 inches of rain for August 21, a new record for the date, much of which fell within a three hour period from 9pm to midnight.",301
981792,KINGS CO.,NEW YORK,08/21/2021,2121,Flash Flood, , ,0,0,0,0,NY,EST-5, ,162612,C,47,OKX,0,0,Department of Highways,Heavy Rain, , ,4,S,3,S,NEW YORK,08/22/2021,109,40.6749,-74.0012,40.6829,-74.0072,All lanes were closed due to flooding on the northbound Brooklyn side of the Brooklyn Battery Tunnel in Carroll Gardens. The Clinton Street entrance to the tunnel was also closed.,"Showers and thunderstorms streaming northward well ahead of approaching Hurricane Henri resulted in flash flooding across portions of New York City and Western Long Island. This rainfall developed in a moisture-rich environment, with the 8pm sounding from Upton, NY recording precipitable water values around 2.25 inches. Rainfall totals from this predecessor rainfall event ranged from 1-5 inches. The ASOS in Central Park recorded 4.45 inches of rain for August 21, a new record for the date, much of which fell within a three hour period from 9pm to midnight.",302
981795,BRONX CO.,THROGGS NECK,08/21/2021,2220,Flash Flood, , ,0,0,0,0,NY,EST-5, ,162612,C,5,OKX,0,0,Public,Heavy Rain, , ,0,N,0,NE,THROGGS NECK,08/21/2021,2250,40.822,-73.8205,40.8242,-73.8154,A video on social media showed cars stranded in standing water in the vicinity of the Throgs Neck Bridge in the Bronx.,"Showers and thunderstorms streaming northward well ahead of approaching Hurricane Henri resulted in flash flooding across portions of New York City and Western Long Island. This rainfall developed in a moisture-rich environment, with the 8pm sounding from Upton, NY recording precipitable water values around 2.25 inches. Rainfall totals from this predecessor rainfall event ranged from 1-5 inches. The ASOS in Central Park recorded 4.45 inches of rain for August 21, a new record for the date, much of which fell within a three hour period from 9pm to midnight.",303
981796,QUEENS CO.,(JFK)KENNEDY INL ARP,08/21/2021,2229,Flash Flood, , ,0,0,0,0,NY,EST-5, ,162612,C,81,OKX,0,0,Department of Highways,Heavy Rain, , ,2,NW,2,NW,(JFK)KENNEDY INL ARP,08/22/2021,109,40.6551,-73.8069,40.6578,-73.8056,All lanes were closed due to flooding on the exit from I-678 northbound (Van Wyck Expressway) to Federal Circle near JFK Airport.,"Showers and thunderstorms streaming northward well ahead of approaching Hurricane Henri resulted in flash flooding across portions of New York City and Western Long Island. This rainfall developed in a moisture-rich environment, with the 8pm sounding from Upton, NY recording precipitable water values around 2.25 inches. Rainfall totals from this predecessor rainfall event ranged from 1-5 inches. The ASOS in Central Park recorded 4.45 inches of rain for August 21, a new record for the date, much of which fell within a three hour period from 9pm to midnight.",304
981797,NEW YORK CO.,CENTRAL PARK,08/21/2021,2305,Flash Flood, , ,0,0,0,0,NY,EST-5, ,162612,C,61,OKX,0,0,Emergency Manager,Heavy Rain, , ,3,NNE,2,NNE,NEW YORK,08/21/2021,2335,40.8238,-73.9363,40.7516,-73.9928,The 3 train was suspended in both directions due to flooding between Harlem-148th Street and 34th Street-Penn Station in Manhattan.,"Showers and thunderstorms streaming northward well ahead of approaching Hurricane Henri resulted in flash flooding across portions of New York City and Western Long Island. This rainfall developed in a moisture-rich environment, with the 8pm sounding from Upton, NY recording precipitable water values around 2.25 inches. Rainfall totals from this predecessor rainfall event ranged from 1-5 inches. The ASOS in Central Park recorded 4.45 inches of rain for August 21, a new record for the date, much of which fell within a three hour period from 9pm to midnight.",305
981806,KINGS CO.,NEW YORK,08/22/2021,39,Flash Flood, , ,0,0,0,0,NY,EST-5, ,162612,C,47,OKX,0,0,Department of Highways,Heavy Rain, , ,3,S,3,S,NEW YORK,08/22/2021,109,40.6865,-74.0011,40.6879,-74.0004,"All lanes of the Brooklyn Queens Expressway were closed due to flooding in both directions at Kane Street in Cobble Hill, Brooklyn.","Showers and thunderstorms streaming northward well ahead of approaching Hurricane Henri resulted in flash flooding across portions of New York City and Western Long Island. This rainfall developed in a moisture-rich environment, with the 8pm sounding from Upton, NY recording precipitable water values around 2.25 inches. Rainfall totals from this predecessor rainfall event ranged from 1-5 inches. The ASOS in Central Park recorded 4.45 inches of rain for August 21, a new record for the date, much of which fell within a three hour period from 9pm to midnight.",306
981808,RICHMOND CO.,SOUTH BEACH,08/22/2021,59,Flash Flood, , ,0,0,0,0,NY,EST-5, ,162612,C,85,OKX,0,0,Public,Heavy Rain, , ,1,NNE,1,NNE,SOUTH BEACH,08/22/2021,129,40.6069,-74.0757,40.6067,-74.0751,St. Johns Avenue in Grasmere was flooded with water up to the hood of a car.,"Showers and thunderstorms streaming northward well ahead of approaching Hurricane Henri resulted in flash flooding across portions of New York City and Western Long Island. This rainfall developed in a moisture-rich environment, with the 8pm sounding from Upton, NY recording precipitable water values around 2.25 inches. Rainfall totals from this predecessor rainfall event ranged from 1-5 inches. The ASOS in Central Park recorded 4.45 inches of rain for August 21, a new record for the date, much of which fell within a three hour period from 9pm to midnight.",307
981862,QUEENS CO.,RICHMOND HILL,08/22/2021,1442,Flash Flood, , ,0,0,0,0,NY,EST-5, ,162621,C,81,OKX,0,0,Law Enforcement,Heavy Rain, , ,1,SE,1,SE,RICHMOND HILL,08/22/2021,1655,40.6906,-73.8072,40.6903,-73.8067,"Tuskegee Airmen Way in Jamaica, Queens was closed due to flooding.","Rainfall from Tropical Storm Henri resulted in widespread flash flooding across southeastern New York, particularly portions of the Lower Hudson Valley. With a tropical airmass in place (precipitable water values greater than 2 inches), rainfall totals generally ranged from 2-5 inches, with this rain coming in addition to the 2-5 inches that fell during the predecessor rainfall event the night before. This resulted in widespread rainfall amounts of 3-6 inches in many locations over a 24-36 hour period. The ASOS in Central Park recorded an additional 3.39 inches of rain, for a total of 7.84 inches across the two days.",308
981891,QUEENS CO.,WOODHAVEN,08/22/2021,1600,Flash Flood, , ,0,0,0,0,NY,EST-5, ,162621,C,81,OKX,0,0,Public,Heavy Rain, , ,1,NNW,1,NNW,WOODHAVEN,08/22/2021,1655,40.7127,-73.8609,40.7126,-73.8588,"A car was stalled in high water on Woodhaven Boulevard in Rego Park, Queens.","Rainfall from Tropical Storm Henri resulted in widespread flash flooding across southeastern New York, particularly portions of the Lower Hudson Valley. With a tropical airmass in place (precipitable water values greater than 2 inches), rainfall totals generally ranged from 2-5 inches, with this rain coming in addition to the 2-5 inches that fell during the predecessor rainfall event the night before. This resulted in widespread rainfall amounts of 3-6 inches in many locations over a 24-36 hour period. The ASOS in Central Park recorded an additional 3.39 inches of rain, for a total of 7.84 inches across the two days.",309
981870,KINGS CO.,BROOKLYN,08/22/2021,1625,Flash Flood, , ,0,0,0,0,NY,EST-5, ,162621,C,47,OKX,0,0,Law Enforcement,Heavy Rain, , ,2,W,2,WNW,BROOKLYN,08/22/2021,1655,40.6541,-73.9624,40.6551,-73.9627,"Parkside Avenue was flooded between Coney Island Avenue and Ocean Avenue in Flatbush, Brooklyn.","Rainfall from Tropical Storm Henri resulted in widespread flash flooding across southeastern New York, particularly portions of the Lower Hudson Valley. With a tropical airmass in place (precipitable water values greater than 2 inches), rainfall totals generally ranged from 2-5 inches, with this rain coming in addition to the 2-5 inches that fell during the predecessor rainfall event the night before. This resulted in widespread rainfall amounts of 3-6 inches in many locations over a 24-36 hour period. The ASOS in Central Park recorded an additional 3.39 inches of rain, for a total of 7.84 inches across the two days.",310
982768,RICHMOND CO.,RICHMOND VLY,08/27/2021,1802,Flash Flood, , ,0,0,0,0,NY,EST-5, ,162768,C,85,OKX,0,0,Emergency Manager,Heavy Rain, , ,0,SSW,1,S,RICHMOND VLY,08/27/2021,1832,40.5134,-74.2521,40.512,-74.2508,Staten Island Railway train service was suspended in both directions between Huguenot and Tottenville due to flooded tracks.,"A backdoor cold front approached the area during the afternoon before stalling across the region during the evening and overnight. This front sparked a few widely scattered thunderstorms in a moisture rich environment, with precipitable water values from both the 8am and 8pm soundings from Upton, NY measuring around 2 inches. With weak upper level flow resulting in slow storm motions and wet antecedent conditions as a result of rainfall associated with Tropical Storm Henri less than a week earlier, this resulted in isolated flash flooding in Staten Island during the afternoon and across parts of Suffolk County overnight.",311
987414,RICHMOND CO.,GREAT KILLS,09/01/2021,1745,Flash Flood, , ,0,0,0,0,NY,EST-5, ,163555,C,85,OKX,0,0,Law Enforcement,Heavy Rain, , ,1,ESE,1,ESE,GREAT KILLS,09/01/2021,2245,40.542,-74.1458,40.5424,-74.1464,Hyland Boulevard was closed between Nelson Avenue and Fieldway Avenue in Annadale due to flooding.,"Extremely heavy rainfall associated with the remnants of Hurricane Ida overspread southeast New York during the evening of September 1 and continued through the early morning hours of September 2. Rainfall totals ranged from 5-8 inches across much of the region, with much of that rain falling in just a few hours. The ASOS at Central Park recorded 7.19 inches of rain, including 3.15 inches in a single hour between approximately 9:00-10:00pm. This resulted in widespread catastrophic flash flooding across New York City that resulted in extensive road and subway closures and numerous water rescues. Additional rainfall totals from around the region include 7.38 inches at a New York Mesonet station in Fordham in the Bronx, a report of 7.00 inches from a CoCoRaHS observer in Boerum Hill, Brooklyn, 6.90 inches from the ASOS at LaGuardia Airport, a spotter report of 6.18 inches in Monroe, a spotter report of 8.09 inches in Scarsdale, and a CoCoRaHS report of 6.72 inches in Locust Valley. Ultimately 17 people died as a result of the flash flooding, including 13 in New York City and 4 in the Lower Hudson Valley.",312
987417,RICHMOND CO.,WILLOWBROOK,09/01/2021,1748,Flash Flood, , ,0,0,0,0,NY,EST-5, ,163555,C,85,OKX,0,0,Law Enforcement,Heavy Rain, , ,1,NE,1,NNE,WILLOWBROOK,09/01/2021,2245,40.6065,-74.1639,40.6076,-74.164,Victory Boulevard was closed near Richmond Avenue in the Bulls Head section of Staten Island due to flooding.,"Extremely heavy rainfall associated with the remnants of Hurricane Ida overspread southeast New York during the evening of September 1 and continued through the early morning hours of September 2. Rainfall totals ranged from 5-8 inches across much of the region, with much of that rain falling in just a few hours. The ASOS at Central Park recorded 7.19 inches of rain, including 3.15 inches in a single hour between approximately 9:00-10:00pm. This resulted in widespread catastrophic flash flooding across New York City that resulted in extensive road and subway closures and numerous water rescues. Additional rainfall totals from around the region include 7.38 inches at a New York Mesonet station in Fordham in the Bronx, a report of 7.00 inches from a CoCoRaHS observer in Boerum Hill, Brooklyn, 6.90 inches from the ASOS at LaGuardia Airport, a spotter report of 6.18 inches in Monroe, a spotter report of 8.09 inches in Scarsdale, and a CoCoRaHS report of 6.72 inches in Locust Valley. Ultimately 17 people died as a result of the flash flooding, including 13 in New York City and 4 in the Lower Hudson Valley.",313
987420,BRONX CO.,WESTCHESTER,09/01/2021,1751,Flash Flood, , ,0,0,0,0,NY,EST-5, ,163555,C,5,OKX,0,0,Department of Highways,Heavy Rain, , ,0,NE,0,E,WESTCHESTER,09/01/2021,2300,40.8341,-73.8733,40.8305,-73.8727,All lanes were closed due to flooding on the Bronx River Parkway northbound at East 172nd Street in Parkchester.,"Extremely heavy rainfall associated with the remnants of Hurricane Ida overspread southeast New York during the evening of September 1 and continued through the early morning hours of September 2. Rainfall totals ranged from 5-8 inches across much of the region, with much of that rain falling in just a few hours. The ASOS at Central Park recorded 7.19 inches of rain, including 3.15 inches in a single hour between approximately 9:00-10:00pm. This resulted in widespread catastrophic flash flooding across New York City that resulted in extensive road and subway closures and numerous water rescues. Additional rainfall totals from around the region include 7.38 inches at a New York Mesonet station in Fordham in the Bronx, a report of 7.00 inches from a CoCoRaHS observer in Boerum Hill, Brooklyn, 6.90 inches from the ASOS at LaGuardia Airport, a spotter report of 6.18 inches in Monroe, a spotter report of 8.09 inches in Scarsdale, and a CoCoRaHS report of 6.72 inches in Locust Valley. Ultimately 17 people died as a result of the flash flooding, including 13 in New York City and 4 in the Lower Hudson Valley.",314
987422,RICHMOND CO.,PLEASANT PLAINS,09/01/2021,1800,Flash Flood, , ,0,0,0,0,NY,EST-5, ,163555,C,85,OKX,0,0,Law Enforcement,Heavy Rain, , ,1,NW,1,NW,PLEASANT PLAINS,09/01/2021,2245,40.5263,-74.2357,40.5256,-74.2393,North Bridge Street (approach to the Outerbridge Crossing) in Tottenville was closed due to flooding.,"Extremely heavy rainfall associated with the remnants of Hurricane Ida overspread southeast New York during the evening of September 1 and continued through the early morning hours of September 2. Rainfall totals ranged from 5-8 inches across much of the region, with much of that rain falling in just a few hours. The ASOS at Central Park recorded 7.19 inches of rain, including 3.15 inches in a single hour between approximately 9:00-10:00pm. This resulted in widespread catastrophic flash flooding across New York City that resulted in extensive road and subway closures and numerous water rescues. Additional rainfall totals from around the region include 7.38 inches at a New York Mesonet station in Fordham in the Bronx, a report of 7.00 inches from a CoCoRaHS observer in Boerum Hill, Brooklyn, 6.90 inches from the ASOS at LaGuardia Airport, a spotter report of 6.18 inches in Monroe, a spotter report of 8.09 inches in Scarsdale, and a CoCoRaHS report of 6.72 inches in Locust Valley. Ultimately 17 people died as a result of the flash flooding, including 13 in New York City and 4 in the Lower Hudson Valley.",315
987429,KINGS CO.,BROOKLYN,09/01/2021,1840,Flash Flood, , ,0,0,0,0,NY,EST-5, ,163555,C,47,OKX,0,0,Public,Heavy Rain, , ,2,W,2,W,BROOKLYN,09/01/2021,2300,40.6503,-73.9714,40.652,-73.9721,Parkside Avenue in Flatbush was closed due to flooding.,"Extremely heavy rainfall associated with the remnants of Hurricane Ida overspread southeast New York during the evening of September 1 and continued through the early morning hours of September 2. Rainfall totals ranged from 5-8 inches across much of the region, with much of that rain falling in just a few hours. The ASOS at Central Park recorded 7.19 inches of rain, including 3.15 inches in a single hour between approximately 9:00-10:00pm. This resulted in widespread catastrophic flash flooding across New York City that resulted in extensive road and subway closures and numerous water rescues. Additional rainfall totals from around the region include 7.38 inches at a New York Mesonet station in Fordham in the Bronx, a report of 7.00 inches from a CoCoRaHS observer in Boerum Hill, Brooklyn, 6.90 inches from the ASOS at LaGuardia Airport, a spotter report of 6.18 inches in Monroe, a spotter report of 8.09 inches in Scarsdale, and a CoCoRaHS report of 6.72 inches in Locust Valley. Ultimately 17 people died as a result of the flash flooding, including 13 in New York City and 4 in the Lower Hudson Valley.",316
994925,RICHMOND CO.,ST GEORGE,09/01/2021,1945,Flash Flood, , ,0,0,60000000,0,NY,EST-5, ,163555,C,85,OKX,0,0,Emergency Manager,Heavy Rain, , ,1,SSW,1,E,SOUTH BEACH,09/01/2021,2245,40.6414,-74.0847,40.6006,-74.0683,"Flash flooding resulted in an estimated $60 million in damages across Staten Island, and an estimated $300 million city-wide. This estimate only includes FEMA and SBA fund requests.","Extremely heavy rainfall associated with the remnants of Hurricane Ida overspread southeast New York during the evening of September 1 and continued through the early morning hours of September 2. Rainfall totals ranged from 5-8 inches across much of the region, with much of that rain falling in just a few hours. The ASOS at Central Park recorded 7.19 inches of rain, including 3.15 inches in a single hour between approximately 9:00-10:00pm. This resulted in widespread catastrophic flash flooding across New York City that resulted in extensive road and subway closures and numerous water rescues. Additional rainfall totals from around the region include 7.38 inches at a New York Mesonet station in Fordham in the Bronx, a report of 7.00 inches from a CoCoRaHS observer in Boerum Hill, Brooklyn, 6.90 inches from the ASOS at LaGuardia Airport, a spotter report of 6.18 inches in Monroe, a spotter report of 8.09 inches in Scarsdale, and a CoCoRaHS report of 6.72 inches in Locust Valley. Ultimately 17 people died as a result of the flash flooding, including 13 in New York City and 4 in the Lower Hudson Valley.",317
987452,RICHMOND CO.,CASTLETON CORNERS,09/01/2021,2000,Flash Flood, , ,0,0,0,0,NY,EST-5, ,163555,C,85,OKX,0,0,Public,Heavy Rain, , ,1,SE,1,SSE,CASTLETON CORNERS,09/01/2021,2245,40.6098,-74.1103,40.6021,-74.1144,Water was flooding into the basements of many homes in the Todt Hill section of Staten Island and sewer mains were overflowing.,"Extremely heavy rainfall associated with the remnants of Hurricane Ida overspread southeast New York during the evening of September 1 and continued through the early morning hours of September 2. Rainfall totals ranged from 5-8 inches across much of the region, with much of that rain falling in just a few hours. The ASOS at Central Park recorded 7.19 inches of rain, including 3.15 inches in a single hour between approximately 9:00-10:00pm. This resulted in widespread catastrophic flash flooding across New York City that resulted in extensive road and subway closures and numerous water rescues. Additional rainfall totals from around the region include 7.38 inches at a New York Mesonet station in Fordham in the Bronx, a report of 7.00 inches from a CoCoRaHS observer in Boerum Hill, Brooklyn, 6.90 inches from the ASOS at LaGuardia Airport, a spotter report of 6.18 inches in Monroe, a spotter report of 8.09 inches in Scarsdale, and a CoCoRaHS report of 6.72 inches in Locust Valley. Ultimately 17 people died as a result of the flash flooding, including 13 in New York City and 4 in the Lower Hudson Valley.",318
987454,RICHMOND CO.,CASTLETON CORNERS,09/01/2021,2013,Flash Flood, , ,0,0,0,0,NY,EST-5, ,163555,C,85,OKX,0,0,Fire Department/Rescue,Heavy Rain, , ,1,WNW,1,WNW,CASTLETON CORNERS,09/01/2021,2245,40.6226,-74.142,40.6225,-74.1412,Cars were stuck in flood waters at the intersection of Crystal Avenue and College Avenue in Westerleigh.,"Extremely heavy rainfall associated with the remnants of Hurricane Ida overspread southeast New York during the evening of September 1 and continued through the early morning hours of September 2. Rainfall totals ranged from 5-8 inches across much of the region, with much of that rain falling in just a few hours. The ASOS at Central Park recorded 7.19 inches of rain, including 3.15 inches in a single hour between approximately 9:00-10:00pm. This resulted in widespread catastrophic flash flooding across New York City that resulted in extensive road and subway closures and numerous water rescues. Additional rainfall totals from around the region include 7.38 inches at a New York Mesonet station in Fordham in the Bronx, a report of 7.00 inches from a CoCoRaHS observer in Boerum Hill, Brooklyn, 6.90 inches from the ASOS at LaGuardia Airport, a spotter report of 6.18 inches in Monroe, a spotter report of 8.09 inches in Scarsdale, and a CoCoRaHS report of 6.72 inches in Locust Valley. Ultimately 17 people died as a result of the flash flooding, including 13 in New York City and 4 in the Lower Hudson Valley.",319
987461,RICHMOND CO.,ANNADALE,09/01/2021,2037,Flash Flood, , ,0,0,0,0,NY,EST-5, ,163555,C,85,OKX,0,0,Fire Department/Rescue,Heavy Rain, , ,1,N,1,NNE,ANNADALE,09/01/2021,2245,40.5632,-74.1992,40.5613,-74.1963,Numerous cars were underwater on the West Shore Expressway with occupants standing on roofs of cars waiting to be rescued.,"Extremely heavy rainfall associated with the remnants of Hurricane Ida overspread southeast New York during the evening of September 1 and continued through the early morning hours of September 2. Rainfall totals ranged from 5-8 inches across much of the region, with much of that rain falling in just a few hours. The ASOS at Central Park recorded 7.19 inches of rain, including 3.15 inches in a single hour between approximately 9:00-10:00pm. This resulted in widespread catastrophic flash flooding across New York City that resulted in extensive road and subway closures and numerous water rescues. Additional rainfall totals from around the region include 7.38 inches at a New York Mesonet station in Fordham in the Bronx, a report of 7.00 inches from a CoCoRaHS observer in Boerum Hill, Brooklyn, 6.90 inches from the ASOS at LaGuardia Airport, a spotter report of 6.18 inches in Monroe, a spotter report of 8.09 inches in Scarsdale, and a CoCoRaHS report of 6.72 inches in Locust Valley. Ultimately 17 people died as a result of the flash flooding, including 13 in New York City and 4 in the Lower Hudson Valley.",320
987564,QUEENS CO.,WOODSIDE,09/01/2021,2100,Flash Flood, , ,3,0,0,0,NY,EST-5, ,163555,C,81,OKX,0,0,Broadcast Media,Heavy Rain, , ,1,SE,1,SE,WOODSIDE,09/01/2021,2230,40.7384,-73.902,40.7386,-73.9016,"A 50 year old man, 48 year old woman, and 2 year old boy died when a basement apartment on 64th Street near Laurel Hill Boulevard in Elmhurst, Queens flooded.","Extremely heavy rainfall associated with the remnants of Hurricane Ida overspread southeast New York during the evening of September 1 and continued through the early morning hours of September 2. Rainfall totals ranged from 5-8 inches across much of the region, with much of that rain falling in just a few hours. The ASOS at Central Park recorded 7.19 inches of rain, including 3.15 inches in a single hour between approximately 9:00-10:00pm. This resulted in widespread catastrophic flash flooding across New York City that resulted in extensive road and subway closures and numerous water rescues. Additional rainfall totals from around the region include 7.38 inches at a New York Mesonet station in Fordham in the Bronx, a report of 7.00 inches from a CoCoRaHS observer in Boerum Hill, Brooklyn, 6.90 inches from the ASOS at LaGuardia Airport, a spotter report of 6.18 inches in Monroe, a spotter report of 8.09 inches in Scarsdale, and a CoCoRaHS report of 6.72 inches in Locust Valley. Ultimately 17 people died as a result of the flash flooding, including 13 in New York City and 4 in the Lower Hudson Valley.",321
987579,QUEENS CO.,FRESH POND,09/01/2021,2100,Flash Flood, , ,0,0,0,0,NY,EST-5, ,163555,C,81,OKX,0,0,Public,Heavy Rain, , ,2,SSE,1,SSE,FRESH POND,09/01/2021,2230,40.7,-73.909,40.7003,-73.9094,"Homes and basements were flooding on Woodbine Street in Ridgewood, Queens.","Extremely heavy rainfall associated with the remnants of Hurricane Ida overspread southeast New York during the evening of September 1 and continued through the early morning hours of September 2. Rainfall totals ranged from 5-8 inches across much of the region, with much of that rain falling in just a few hours. The ASOS at Central Park recorded 7.19 inches of rain, including 3.15 inches in a single hour between approximately 9:00-10:00pm. This resulted in widespread catastrophic flash flooding across New York City that resulted in extensive road and subway closures and numerous water rescues. Additional rainfall totals from around the region include 7.38 inches at a New York Mesonet station in Fordham in the Bronx, a report of 7.00 inches from a CoCoRaHS observer in Boerum Hill, Brooklyn, 6.90 inches from the ASOS at LaGuardia Airport, a spotter report of 6.18 inches in Monroe, a spotter report of 8.09 inches in Scarsdale, and a CoCoRaHS report of 6.72 inches in Locust Valley. Ultimately 17 people died as a result of the flash flooding, including 13 in New York City and 4 in the Lower Hudson Valley.",322
987577,QUEENS CO.,WOODHAVEN,09/01/2021,2102,Flash Flood, , ,0,0,0,0,NY,EST-5, ,163555,C,81,OKX,0,0,Public,Heavy Rain, , ,3,S,3,WNW,(JFK)KENNEDY INL ARP,09/01/2021,2230,40.6623,-73.841,40.6495,-73.8383,"A basement was flooded in Howard Beach, Queens.","Extremely heavy rainfall associated with the remnants of Hurricane Ida overspread southeast New York during the evening of September 1 and continued through the early morning hours of September 2. Rainfall totals ranged from 5-8 inches across much of the region, with much of that rain falling in just a few hours. The ASOS at Central Park recorded 7.19 inches of rain, including 3.15 inches in a single hour between approximately 9:00-10:00pm. This resulted in widespread catastrophic flash flooding across New York City that resulted in extensive road and subway closures and numerous water rescues. Additional rainfall totals from around the region include 7.38 inches at a New York Mesonet station in Fordham in the Bronx, a report of 7.00 inches from a CoCoRaHS observer in Boerum Hill, Brooklyn, 6.90 inches from the ASOS at LaGuardia Airport, a spotter report of 6.18 inches in Monroe, a spotter report of 8.09 inches in Scarsdale, and a CoCoRaHS report of 6.72 inches in Locust Valley. Ultimately 17 people died as a result of the flash flooding, including 13 in New York City and 4 in the Lower Hudson Valley.",323
987522,QUEENS CO.,CORONA,09/01/2021,2107,Flash Flood, , ,0,0,0,0,NY,EST-5, ,163555,C,81,OKX,0,0,Public,Heavy Rain, , ,1,S,1,S,CORONA,09/01/2021,2230,40.7326,-73.8718,40.7341,-73.8685,Queens Boulevard in Maspeth and Corona has about 2-4 feet of flowing water running across the street. Multiple cars were stranded.,"Extremely heavy rainfall associated with the remnants of Hurricane Ida overspread southeast New York during the evening of September 1 and continued through the early morning hours of September 2. Rainfall totals ranged from 5-8 inches across much of the region, with much of that rain falling in just a few hours. The ASOS at Central Park recorded 7.19 inches of rain, including 3.15 inches in a single hour between approximately 9:00-10:00pm. This resulted in widespread catastrophic flash flooding across New York City that resulted in extensive road and subway closures and numerous water rescues. Additional rainfall totals from around the region include 7.38 inches at a New York Mesonet station in Fordham in the Bronx, a report of 7.00 inches from a CoCoRaHS observer in Boerum Hill, Brooklyn, 6.90 inches from the ASOS at LaGuardia Airport, a spotter report of 6.18 inches in Monroe, a spotter report of 8.09 inches in Scarsdale, and a CoCoRaHS report of 6.72 inches in Locust Valley. Ultimately 17 people died as a result of the flash flooding, including 13 in New York City and 4 in the Lower Hudson Valley.",324
987518,KINGS CO.,BROOKLYN,09/01/2021,2109,Flash Flood, , ,0,0,0,0,NY,EST-5, ,163555,C,47,OKX,0,0,Trained Spotter,Heavy Rain, , ,5,W,5,W,BROOKLYN,09/01/2021,2230,40.6441,-74.0217,40.6443,-74.0222,"One to two feet of water was covering the road with cars disabled in the roadway on 2nd Avenue between 59th Street and 60th Street in Bay Ridge, Brooklyn.","Extremely heavy rainfall associated with the remnants of Hurricane Ida overspread southeast New York during the evening of September 1 and continued through the early morning hours of September 2. Rainfall totals ranged from 5-8 inches across much of the region, with much of that rain falling in just a few hours. The ASOS at Central Park recorded 7.19 inches of rain, including 3.15 inches in a single hour between approximately 9:00-10:00pm. This resulted in widespread catastrophic flash flooding across New York City that resulted in extensive road and subway closures and numerous water rescues. Additional rainfall totals from around the region include 7.38 inches at a New York Mesonet station in Fordham in the Bronx, a report of 7.00 inches from a CoCoRaHS observer in Boerum Hill, Brooklyn, 6.90 inches from the ASOS at LaGuardia Airport, a spotter report of 6.18 inches in Monroe, a spotter report of 8.09 inches in Scarsdale, and a CoCoRaHS report of 6.72 inches in Locust Valley. Ultimately 17 people died as a result of the flash flooding, including 13 in New York City and 4 in the Lower Hudson Valley.",325
987623,BRONX CO.,FORDHAM,09/01/2021,2115,Flash Flood, , ,0,0,0,0,NY,EST-5, ,163555,C,5,OKX,0,0,River/Stream Gage,Heavy Rain, , ,0,SSE,1,SSE,FORDHAM,09/01/2021,2230,40.864,-73.8771,40.8603,-73.8766,"The Bronx River at the New York Botanical Garden rose above its minor flood stage of 3.0 feet at 10:15pm EDT. It then continued to quickly rise, surpassing moderate flood stage (3.5 feet) at 10:45pm EDT and major flood stage (4.0 feet) at 11:30pm EDT. The river ultimately crested at a height of 5.59 feet at 8:45am EDT on September 2nd. It eventually fell back below minor flood stage at 9:30pm EDT on September 2nd.","Extremely heavy rainfall associated with the remnants of Hurricane Ida overspread southeast New York during the evening of September 1 and continued through the early morning hours of September 2. Rainfall totals ranged from 5-8 inches across much of the region, with much of that rain falling in just a few hours. The ASOS at Central Park recorded 7.19 inches of rain, including 3.15 inches in a single hour between approximately 9:00-10:00pm. This resulted in widespread catastrophic flash flooding across New York City that resulted in extensive road and subway closures and numerous water rescues. Additional rainfall totals from around the region include 7.38 inches at a New York Mesonet station in Fordham in the Bronx, a report of 7.00 inches from a CoCoRaHS observer in Boerum Hill, Brooklyn, 6.90 inches from the ASOS at LaGuardia Airport, a spotter report of 6.18 inches in Monroe, a spotter report of 8.09 inches in Scarsdale, and a CoCoRaHS report of 6.72 inches in Locust Valley. Ultimately 17 people died as a result of the flash flooding, including 13 in New York City and 4 in the Lower Hudson Valley.",326
987533,NEW YORK CO.,CENTRAL PARK,09/01/2021,2117,Flash Flood, , ,0,0,0,0,NY,EST-5, ,163555,C,61,OKX,0,0,Emergency Manager,Heavy Rain, , ,4,NNE,4,NNE,CENTRAL PARK,09/01/2021,2230,40.839,-73.9337,40.8387,-73.933,All southbound lanes of the Harlem River Drive were closed due to flooding at West 166th Street in Washington Heights.,"Extremely heavy rainfall associated with the remnants of Hurricane Ida overspread southeast New York during the evening of September 1 and continued through the early morning hours of September 2. Rainfall totals ranged from 5-8 inches across much of the region, with much of that rain falling in just a few hours. The ASOS at Central Park recorded 7.19 inches of rain, including 3.15 inches in a single hour between approximately 9:00-10:00pm. This resulted in widespread catastrophic flash flooding across New York City that resulted in extensive road and subway closures and numerous water rescues. Additional rainfall totals from around the region include 7.38 inches at a New York Mesonet station in Fordham in the Bronx, a report of 7.00 inches from a CoCoRaHS observer in Boerum Hill, Brooklyn, 6.90 inches from the ASOS at LaGuardia Airport, a spotter report of 6.18 inches in Monroe, a spotter report of 8.09 inches in Scarsdale, and a CoCoRaHS report of 6.72 inches in Locust Valley. Ultimately 17 people died as a result of the flash flooding, including 13 in New York City and 4 in the Lower Hudson Valley.",327
994927,NEW YORK CO.,CENTRAL PARK,09/01/2021,2117,Flash Flood, , ,0,0,60000000,0,NY,EST-5, ,163555,C,61,OKX,0,0,Emergency Manager,Heavy Rain, , ,7,N,2,N,NEW YORK,09/01/2021,2230,40.875,-73.9269,40.7576,-74.0016,"Flash flooding resulted in an estimated $60 million in damages across Manhattan, and an estimated $300 million city-wide. This estimate only includes FEMA and SBA fund requests.","Extremely heavy rainfall associated with the remnants of Hurricane Ida overspread southeast New York during the evening of September 1 and continued through the early morning hours of September 2. Rainfall totals ranged from 5-8 inches across much of the region, with much of that rain falling in just a few hours. The ASOS at Central Park recorded 7.19 inches of rain, including 3.15 inches in a single hour between approximately 9:00-10:00pm. This resulted in widespread catastrophic flash flooding across New York City that resulted in extensive road and subway closures and numerous water rescues. Additional rainfall totals from around the region include 7.38 inches at a New York Mesonet station in Fordham in the Bronx, a report of 7.00 inches from a CoCoRaHS observer in Boerum Hill, Brooklyn, 6.90 inches from the ASOS at LaGuardia Airport, a spotter report of 6.18 inches in Monroe, a spotter report of 8.09 inches in Scarsdale, and a CoCoRaHS report of 6.72 inches in Locust Valley. Ultimately 17 people died as a result of the flash flooding, including 13 in New York City and 4 in the Lower Hudson Valley.",328
987552,BRONX CO.,NEW YORK NORTHERN,09/01/2021,2130,Flash Flood, , ,0,0,0,0,NY,EST-5, ,163555,C,5,OKX,0,0,Public,Heavy Rain, , ,1,SW,1,SSW,NEW YORK NORTHERN,09/01/2021,2230,40.8405,-73.8635,40.8418,-73.854,Flooding was reported in a basement in Parkchester in the Bronx with water three feet deep.,"Extremely heavy rainfall associated with the remnants of Hurricane Ida overspread southeast New York during the evening of September 1 and continued through the early morning hours of September 2. Rainfall totals ranged from 5-8 inches across much of the region, with much of that rain falling in just a few hours. The ASOS at Central Park recorded 7.19 inches of rain, including 3.15 inches in a single hour between approximately 9:00-10:00pm. This resulted in widespread catastrophic flash flooding across New York City that resulted in extensive road and subway closures and numerous water rescues. Additional rainfall totals from around the region include 7.38 inches at a New York Mesonet station in Fordham in the Bronx, a report of 7.00 inches from a CoCoRaHS observer in Boerum Hill, Brooklyn, 6.90 inches from the ASOS at LaGuardia Airport, a spotter report of 6.18 inches in Monroe, a spotter report of 8.09 inches in Scarsdale, and a CoCoRaHS report of 6.72 inches in Locust Valley. Ultimately 17 people died as a result of the flash flooding, including 13 in New York City and 4 in the Lower Hudson Valley.",329
994926,BRONX CO.,SPUYTEN DUYVIL,09/01/2021,2130,Flash Flood, , ,0,0,60000000,0,NY,EST-5, ,163555,C,5,OKX,0,0,Emergency Manager,Heavy Rain, , ,0,NW,1,SE,SPUYTEN DUYVIL,09/01/2021,2230,40.8807,-73.9211,40.8717,-73.9035,"Flash flooding resulted in an estimated $60 million in damages across the Bronx, and an estimated $300 million city-wide. This estimate only includes FEMA and SBA fund requests.","Extremely heavy rainfall associated with the remnants of Hurricane Ida overspread southeast New York during the evening of September 1 and continued through the early morning hours of September 2. Rainfall totals ranged from 5-8 inches across much of the region, with much of that rain falling in just a few hours. The ASOS at Central Park recorded 7.19 inches of rain, including 3.15 inches in a single hour between approximately 9:00-10:00pm. This resulted in widespread catastrophic flash flooding across New York City that resulted in extensive road and subway closures and numerous water rescues. Additional rainfall totals from around the region include 7.38 inches at a New York Mesonet station in Fordham in the Bronx, a report of 7.00 inches from a CoCoRaHS observer in Boerum Hill, Brooklyn, 6.90 inches from the ASOS at LaGuardia Airport, a spotter report of 6.18 inches in Monroe, a spotter report of 8.09 inches in Scarsdale, and a CoCoRaHS report of 6.72 inches in Locust Valley. Ultimately 17 people died as a result of the flash flooding, including 13 in New York City and 4 in the Lower Hudson Valley.",330
987588,QUEENS CO.,AUBURNDALE,09/01/2021,2130,Flash Flood, , ,3,0,0,0,NY,EST-5, ,163555,C,81,OKX,0,0,Broadcast Media,Heavy Rain, , ,1,WSW,1,WSW,AUBURNDALE,09/01/2021,2200,40.7453,-73.8139,40.7458,-73.8138,"Two women and a man died when their basement apartment flooded on Peck Avenue near Kissena Boulevard in Flushing, Queens.","Extremely heavy rainfall associated with the remnants of Hurricane Ida overspread southeast New York during the evening of September 1 and continued through the early morning hours of September 2. Rainfall totals ranged from 5-8 inches across much of the region, with much of that rain falling in just a few hours. The ASOS at Central Park recorded 7.19 inches of rain, including 3.15 inches in a single hour between approximately 9:00-10:00pm. This resulted in widespread catastrophic flash flooding across New York City that resulted in extensive road and subway closures and numerous water rescues. Additional rainfall totals from around the region include 7.38 inches at a New York Mesonet station in Fordham in the Bronx, a report of 7.00 inches from a CoCoRaHS observer in Boerum Hill, Brooklyn, 6.90 inches from the ASOS at LaGuardia Airport, a spotter report of 6.18 inches in Monroe, a spotter report of 8.09 inches in Scarsdale, and a CoCoRaHS report of 6.72 inches in Locust Valley. Ultimately 17 people died as a result of the flash flooding, including 13 in New York City and 4 in the Lower Hudson Valley.",331
987580,KINGS CO.,BROOKLYN,09/01/2021,2130,Flash Flood, , ,0,0,0,0,NY,EST-5, ,163555,C,47,OKX,0,0,Public,Heavy Rain, , ,3,NW,2,WNW,BROOKLYN,09/01/2021,2230,40.6807,-73.964,40.6641,-73.9603,Water was spilling into a home in Crown Heights through the doors as the ground drains became either overwhelmed or clogged. Two inches of water was in the basement.,"Extremely heavy rainfall associated with the remnants of Hurricane Ida overspread southeast New York during the evening of September 1 and continued through the early morning hours of September 2. Rainfall totals ranged from 5-8 inches across much of the region, with much of that rain falling in just a few hours. The ASOS at Central Park recorded 7.19 inches of rain, including 3.15 inches in a single hour between approximately 9:00-10:00pm. This resulted in widespread catastrophic flash flooding across New York City that resulted in extensive road and subway closures and numerous water rescues. Additional rainfall totals from around the region include 7.38 inches at a New York Mesonet station in Fordham in the Bronx, a report of 7.00 inches from a CoCoRaHS observer in Boerum Hill, Brooklyn, 6.90 inches from the ASOS at LaGuardia Airport, a spotter report of 6.18 inches in Monroe, a spotter report of 8.09 inches in Scarsdale, and a CoCoRaHS report of 6.72 inches in Locust Valley. Ultimately 17 people died as a result of the flash flooding, including 13 in New York City and 4 in the Lower Hudson Valley.",332
987536,QUEENS CO.,RICHMOND HILL,09/01/2021,2141,Flash Flood, , ,0,0,0,0,NY,EST-5, ,163555,C,81,OKX,0,0,Public,Heavy Rain, , ,1,NNW,1,NNW,RICHMOND HILL,09/01/2021,2230,40.7169,-73.8328,40.7184,-73.8308,"All eastbound lanes of the Grand Central Parkway were closed due to flooding at the Van Wyck Expressway in Jamaica, Queens.","Extremely heavy rainfall associated with the remnants of Hurricane Ida overspread southeast New York during the evening of September 1 and continued through the early morning hours of September 2. Rainfall totals ranged from 5-8 inches across much of the region, with much of that rain falling in just a few hours. The ASOS at Central Park recorded 7.19 inches of rain, including 3.15 inches in a single hour between approximately 9:00-10:00pm. This resulted in widespread catastrophic flash flooding across New York City that resulted in extensive road and subway closures and numerous water rescues. Additional rainfall totals from around the region include 7.38 inches at a New York Mesonet station in Fordham in the Bronx, a report of 7.00 inches from a CoCoRaHS observer in Boerum Hill, Brooklyn, 6.90 inches from the ASOS at LaGuardia Airport, a spotter report of 6.18 inches in Monroe, a spotter report of 8.09 inches in Scarsdale, and a CoCoRaHS report of 6.72 inches in Locust Valley. Ultimately 17 people died as a result of the flash flooding, including 13 in New York City and 4 in the Lower Hudson Valley.",333
987551,NEW YORK CO.,NEW YORK,09/01/2021,2145,Flash Flood, , ,0,0,0,0,NY,EST-5, ,163555,C,61,OKX,0,0,Public,Heavy Rain, , ,1,NNE,1,NNE,NEW YORK,09/01/2021,2230,40.7469,-73.9942,40.7477,-73.9934,Flooding was reported at the 28th Street subway station on 7th Avenue in Greenwich Village.,"Extremely heavy rainfall associated with the remnants of Hurricane Ida overspread southeast New York during the evening of September 1 and continued through the early morning hours of September 2. Rainfall totals ranged from 5-8 inches across much of the region, with much of that rain falling in just a few hours. The ASOS at Central Park recorded 7.19 inches of rain, including 3.15 inches in a single hour between approximately 9:00-10:00pm. This resulted in widespread catastrophic flash flooding across New York City that resulted in extensive road and subway closures and numerous water rescues. Additional rainfall totals from around the region include 7.38 inches at a New York Mesonet station in Fordham in the Bronx, a report of 7.00 inches from a CoCoRaHS observer in Boerum Hill, Brooklyn, 6.90 inches from the ASOS at LaGuardia Airport, a spotter report of 6.18 inches in Monroe, a spotter report of 8.09 inches in Scarsdale, and a CoCoRaHS report of 6.72 inches in Locust Valley. Ultimately 17 people died as a result of the flash flooding, including 13 in New York City and 4 in the Lower Hudson Valley.",334
987557,QUEENS CO.,RICHMOND HILL,09/01/2021,2150,Flash Flood, , ,0,0,0,0,NY,EST-5, ,163555,C,81,OKX,0,0,Public,Heavy Rain, , ,0,ENE,0,S,HOLLIS,09/01/2021,2230,40.7025,-73.814,40.7152,-73.7704,"Water was entering a home in Jamaica, Queens.","Extremely heavy rainfall associated with the remnants of Hurricane Ida overspread southeast New York during the evening of September 1 and continued through the early morning hours of September 2. Rainfall totals ranged from 5-8 inches across much of the region, with much of that rain falling in just a few hours. The ASOS at Central Park recorded 7.19 inches of rain, including 3.15 inches in a single hour between approximately 9:00-10:00pm. This resulted in widespread catastrophic flash flooding across New York City that resulted in extensive road and subway closures and numerous water rescues. Additional rainfall totals from around the region include 7.38 inches at a New York Mesonet station in Fordham in the Bronx, a report of 7.00 inches from a CoCoRaHS observer in Boerum Hill, Brooklyn, 6.90 inches from the ASOS at LaGuardia Airport, a spotter report of 6.18 inches in Monroe, a spotter report of 8.09 inches in Scarsdale, and a CoCoRaHS report of 6.72 inches in Locust Valley. Ultimately 17 people died as a result of the flash flooding, including 13 in New York City and 4 in the Lower Hudson Valley.",335
987540,NEW YORK CO.,CENTRAL PARK,09/01/2021,2157,Flash Flood, , ,0,0,54000000,0,NY,EST-5, ,163555,C,61,OKX,0,0,Public,Heavy Rain, , ,6,N,2,N,NEW YORK,09/01/2021,2230,40.8711,-73.9315,40.7585,-74.003,"The New York City Subway experienced flooding in many areas of the system and the MTA reported that service was extremely limited due to the flooding. This included reports of flooding at the Inwood-207th Street station (A line), excessive water on the tracks of the 2, 3, and 4 lines between Brooklyn and Manhattan, flooding of the N, R, and W lines in Manhattan and Queens, and major flooding at the 28th Street station on the 1, 2, and 3 lines in Chelsea. Service remained suspended on all but four lines at the start of the Thursday morning (September 2nd) rush. Overall the flooding resulted in an estimated $54 million in damage and repair costs to MTA infrastructure.","Extremely heavy rainfall associated with the remnants of Hurricane Ida overspread southeast New York during the evening of September 1 and continued through the early morning hours of September 2. Rainfall totals ranged from 5-8 inches across much of the region, with much of that rain falling in just a few hours. The ASOS at Central Park recorded 7.19 inches of rain, including 3.15 inches in a single hour between approximately 9:00-10:00pm. This resulted in widespread catastrophic flash flooding across New York City that resulted in extensive road and subway closures and numerous water rescues. Additional rainfall totals from around the region include 7.38 inches at a New York Mesonet station in Fordham in the Bronx, a report of 7.00 inches from a CoCoRaHS observer in Boerum Hill, Brooklyn, 6.90 inches from the ASOS at LaGuardia Airport, a spotter report of 6.18 inches in Monroe, a spotter report of 8.09 inches in Scarsdale, and a CoCoRaHS report of 6.72 inches in Locust Valley. Ultimately 17 people died as a result of the flash flooding, including 13 in New York City and 4 in the Lower Hudson Valley.",336
994610,KINGS CO.,BROOKLYN,09/01/2021,2200,Flash Flood, , ,0,0,0,0,NY,EST-5, ,163555,C,47,OKX,0,1,Local Official,Heavy Rain, , ,4,WNW,4,WNW,BROOKLYN,09/01/2021,2230,40.6637,-74.0043,40.6659,-74.0018,"The body of a man in his 40s was found floating in the Gowanus Canal near 25th Street and Third Avenue in Greenwood Heights, Brooklyn on Thursday, September 2nd.","Extremely heavy rainfall associated with the remnants of Hurricane Ida overspread southeast New York during the evening of September 1 and continued through the early morning hours of September 2. Rainfall totals ranged from 5-8 inches across much of the region, with much of that rain falling in just a few hours. The ASOS at Central Park recorded 7.19 inches of rain, including 3.15 inches in a single hour between approximately 9:00-10:00pm. This resulted in widespread catastrophic flash flooding across New York City that resulted in extensive road and subway closures and numerous water rescues. Additional rainfall totals from around the region include 7.38 inches at a New York Mesonet station in Fordham in the Bronx, a report of 7.00 inches from a CoCoRaHS observer in Boerum Hill, Brooklyn, 6.90 inches from the ASOS at LaGuardia Airport, a spotter report of 6.18 inches in Monroe, a spotter report of 8.09 inches in Scarsdale, and a CoCoRaHS report of 6.72 inches in Locust Valley. Ultimately 17 people died as a result of the flash flooding, including 13 in New York City and 4 in the Lower Hudson Valley.",337
994928,QUEENS CO.,LONG IS CITY,09/01/2021,2200,Flash Flood, , ,0,0,60000000,0,NY,EST-5, ,163555,C,81,OKX,0,0,Emergency Manager,Heavy Rain, , ,2,WNW,2,NNE,WOODSIDE,09/01/2021,2230,40.7435,-73.9576,40.7823,-73.907,"Flash flooding resulted in an estimated $60 million in damages across Queens, and an estimated $300 million city-wide. This estimate only includes FEMA and SBA fund requests.","Extremely heavy rainfall associated with the remnants of Hurricane Ida overspread southeast New York during the evening of September 1 and continued through the early morning hours of September 2. Rainfall totals ranged from 5-8 inches across much of the region, with much of that rain falling in just a few hours. The ASOS at Central Park recorded 7.19 inches of rain, including 3.15 inches in a single hour between approximately 9:00-10:00pm. This resulted in widespread catastrophic flash flooding across New York City that resulted in extensive road and subway closures and numerous water rescues. Additional rainfall totals from around the region include 7.38 inches at a New York Mesonet station in Fordham in the Bronx, a report of 7.00 inches from a CoCoRaHS observer in Boerum Hill, Brooklyn, 6.90 inches from the ASOS at LaGuardia Airport, a spotter report of 6.18 inches in Monroe, a spotter report of 8.09 inches in Scarsdale, and a CoCoRaHS report of 6.72 inches in Locust Valley. Ultimately 17 people died as a result of the flash flooding, including 13 in New York City and 4 in the Lower Hudson Valley.",338
994611,QUEENS CO.,CORONA,09/01/2021,2200,Flash Flood, , ,0,0,0,0,NY,EST-5, ,163555,C,81,OKX,0,1,Local Official,Heavy Rain, , ,1,NW,2,NW,CORONA,09/01/2021,2230,40.7657,-73.8876,40.7675,-73.888,An unidentified victim was found on the Grand Central Parkway near LaGuardia Airport inside a burned out car that had been rear ended. The fatality is believed to be flood related.,"Extremely heavy rainfall associated with the remnants of Hurricane Ida overspread southeast New York during the evening of September 1 and continued through the early morning hours of September 2. Rainfall totals ranged from 5-8 inches across much of the region, with much of that rain falling in just a few hours. The ASOS at Central Park recorded 7.19 inches of rain, including 3.15 inches in a single hour between approximately 9:00-10:00pm. This resulted in widespread catastrophic flash flooding across New York City that resulted in extensive road and subway closures and numerous water rescues. Additional rainfall totals from around the region include 7.38 inches at a New York Mesonet station in Fordham in the Bronx, a report of 7.00 inches from a CoCoRaHS observer in Boerum Hill, Brooklyn, 6.90 inches from the ASOS at LaGuardia Airport, a spotter report of 6.18 inches in Monroe, a spotter report of 8.09 inches in Scarsdale, and a CoCoRaHS report of 6.72 inches in Locust Valley. Ultimately 17 people died as a result of the flash flooding, including 13 in New York City and 4 in the Lower Hudson Valley.",339
994929,KINGS CO.,NEW YORK,09/01/2021,2200,Flash Flood, , ,0,0,60000000,0,NY,EST-5, ,163555,C,47,OKX,0,0,Emergency Manager,Heavy Rain, , ,2,E,3,S,NEW YORK,09/01/2021,2230,40.7348,-73.9589,40.6853,-74.009,"Flash flooding resulted in an estimated $60 million in damages across Brooklyn, and an estimated $300 million city-wide. This estimate only includes FEMA and SBA fund requests.","Extremely heavy rainfall associated with the remnants of Hurricane Ida overspread southeast New York during the evening of September 1 and continued through the early morning hours of September 2. Rainfall totals ranged from 5-8 inches across much of the region, with much of that rain falling in just a few hours. The ASOS at Central Park recorded 7.19 inches of rain, including 3.15 inches in a single hour between approximately 9:00-10:00pm. This resulted in widespread catastrophic flash flooding across New York City that resulted in extensive road and subway closures and numerous water rescues. Additional rainfall totals from around the region include 7.38 inches at a New York Mesonet station in Fordham in the Bronx, a report of 7.00 inches from a CoCoRaHS observer in Boerum Hill, Brooklyn, 6.90 inches from the ASOS at LaGuardia Airport, a spotter report of 6.18 inches in Monroe, a spotter report of 8.09 inches in Scarsdale, and a CoCoRaHS report of 6.72 inches in Locust Valley. Ultimately 17 people died as a result of the flash flooding, including 13 in New York City and 4 in the Lower Hudson Valley.",340
987565,QUEENS CO.,CORONA,09/01/2021,2200,Flash Flood, , ,1,0,0,0,NY,EST-5, ,163555,C,81,OKX,0,0,Broadcast Media,Heavy Rain, , ,1,SSW,1,SSW,CORONA,09/01/2021,2230,40.7315,-73.8813,40.7317,-73.8809,"An 86 year old woman died when her basement apartment on 84th Street near 55th Road in Elmhurst, Queens flooded.","Extremely heavy rainfall associated with the remnants of Hurricane Ida overspread southeast New York during the evening of September 1 and continued through the early morning hours of September 2. Rainfall totals ranged from 5-8 inches across much of the region, with much of that rain falling in just a few hours. The ASOS at Central Park recorded 7.19 inches of rain, including 3.15 inches in a single hour between approximately 9:00-10:00pm. This resulted in widespread catastrophic flash flooding across New York City that resulted in extensive road and subway closures and numerous water rescues. Additional rainfall totals from around the region include 7.38 inches at a New York Mesonet station in Fordham in the Bronx, a report of 7.00 inches from a CoCoRaHS observer in Boerum Hill, Brooklyn, 6.90 inches from the ASOS at LaGuardia Airport, a spotter report of 6.18 inches in Monroe, a spotter report of 8.09 inches in Scarsdale, and a CoCoRaHS report of 6.72 inches in Locust Valley. Ultimately 17 people died as a result of the flash flooding, including 13 in New York City and 4 in the Lower Hudson Valley.",341
987566,KINGS CO.,BROOKLYN,09/01/2021,2200,Flash Flood, , ,1,0,0,0,NY,EST-5, ,163555,C,47,OKX,0,0,Broadcast Media,Heavy Rain, , ,4,NE,4,NE,BROOKLYN,09/01/2021,2230,40.686,-73.8714,40.6856,-73.8713,"A 66 year old man died when his basement apartment on Ridgewood Avenue near Autumn Avenue in Cypress Hills, Brooklyn flooded.","Extremely heavy rainfall associated with the remnants of Hurricane Ida overspread southeast New York during the evening of September 1 and continued through the early morning hours of September 2. Rainfall totals ranged from 5-8 inches across much of the region, with much of that rain falling in just a few hours. The ASOS at Central Park recorded 7.19 inches of rain, including 3.15 inches in a single hour between approximately 9:00-10:00pm. This resulted in widespread catastrophic flash flooding across New York City that resulted in extensive road and subway closures and numerous water rescues. Additional rainfall totals from around the region include 7.38 inches at a New York Mesonet station in Fordham in the Bronx, a report of 7.00 inches from a CoCoRaHS observer in Boerum Hill, Brooklyn, 6.90 inches from the ASOS at LaGuardia Airport, a spotter report of 6.18 inches in Monroe, a spotter report of 8.09 inches in Scarsdale, and a CoCoRaHS report of 6.72 inches in Locust Valley. Ultimately 17 people died as a result of the flash flooding, including 13 in New York City and 4 in the Lower Hudson Valley.",342
987561,QUEENS CO.,FLUSHING,09/01/2021,2200,Flash Flood, , ,1,0,0,0,NY,EST-5, ,163555,C,81,OKX,0,0,Broadcast Media,Heavy Rain, , ,1,WSW,1,ESE,CORONA,09/01/2021,2230,40.7424,-73.848,40.742,-73.8508,A 48 year old woman died when the basement of a home on Grand Central Parkway near the Horace Harding Expressway in Elmhurst flooded.,"Extremely heavy rainfall associated with the remnants of Hurricane Ida overspread southeast New York during the evening of September 1 and continued through the early morning hours of September 2. Rainfall totals ranged from 5-8 inches across much of the region, with much of that rain falling in just a few hours. The ASOS at Central Park recorded 7.19 inches of rain, including 3.15 inches in a single hour between approximately 9:00-10:00pm. This resulted in widespread catastrophic flash flooding across New York City that resulted in extensive road and subway closures and numerous water rescues. Additional rainfall totals from around the region include 7.38 inches at a New York Mesonet station in Fordham in the Bronx, a report of 7.00 inches from a CoCoRaHS observer in Boerum Hill, Brooklyn, 6.90 inches from the ASOS at LaGuardia Airport, a spotter report of 6.18 inches in Monroe, a spotter report of 8.09 inches in Scarsdale, and a CoCoRaHS report of 6.72 inches in Locust Valley. Ultimately 17 people died as a result of the flash flooding, including 13 in New York City and 4 in the Lower Hudson Valley.",343
987560,QUEENS CO.,HOLLIS,09/01/2021,2200,Flash Flood, , ,2,0,0,0,NY,EST-5, ,163555,C,81,OKX,0,0,Broadcast Media,Heavy Rain, , ,1,SW,1,SW,HOLLIS,09/01/2021,2230,40.7115,-73.7784,40.7116,-73.7779,"The wall of a basement apartment on 183rd Street near 90th Avenue in Jamaica, Queens collapsed due to flooding. A 43 year old woman and her 22 year old son were killed by the flood waters, while two others were rescued.","Extremely heavy rainfall associated with the remnants of Hurricane Ida overspread southeast New York during the evening of September 1 and continued through the early morning hours of September 2. Rainfall totals ranged from 5-8 inches across much of the region, with much of that rain falling in just a few hours. The ASOS at Central Park recorded 7.19 inches of rain, including 3.15 inches in a single hour between approximately 9:00-10:00pm. This resulted in widespread catastrophic flash flooding across New York City that resulted in extensive road and subway closures and numerous water rescues. Additional rainfall totals from around the region include 7.38 inches at a New York Mesonet station in Fordham in the Bronx, a report of 7.00 inches from a CoCoRaHS observer in Boerum Hill, Brooklyn, 6.90 inches from the ASOS at LaGuardia Airport, a spotter report of 6.18 inches in Monroe, a spotter report of 8.09 inches in Scarsdale, and a CoCoRaHS report of 6.72 inches in Locust Valley. Ultimately 17 people died as a result of the flash flooding, including 13 in New York City and 4 in the Lower Hudson Valley.",344
987542,QUEENS CO.,BAYSIDE,09/01/2021,2230,Flash Flood, , ,0,0,0,0,NY,EST-5, ,163555,C,81,OKX,0,0,Public,Heavy Rain, , ,1,SSW,1,NW,HOLLIS,09/01/2021,2300,40.7397,-73.7888,40.7285,-73.7854,"Water was 2-3 feet deep on roadways in Fresh Meadows, Queens. Several cars were submerged.","Extremely heavy rainfall associated with the remnants of Hurricane Ida overspread southeast New York during the evening of September 1 and continued through the early morning hours of September 2. Rainfall totals ranged from 5-8 inches across much of the region, with much of that rain falling in just a few hours. The ASOS at Central Park recorded 7.19 inches of rain, including 3.15 inches in a single hour between approximately 9:00-10:00pm. This resulted in widespread catastrophic flash flooding across New York City that resulted in extensive road and subway closures and numerous water rescues. Additional rainfall totals from around the region include 7.38 inches at a New York Mesonet station in Fordham in the Bronx, a report of 7.00 inches from a CoCoRaHS observer in Boerum Hill, Brooklyn, 6.90 inches from the ASOS at LaGuardia Airport, a spotter report of 6.18 inches in Monroe, a spotter report of 8.09 inches in Scarsdale, and a CoCoRaHS report of 6.72 inches in Locust Valley. Ultimately 17 people died as a result of the flash flooding, including 13 in New York City and 4 in the Lower Hudson Valley.",345
987543,KINGS CO.,NEW YORK,09/01/2021,2239,Flash Flood, , ,0,0,0,0,NY,EST-5, ,163555,C,47,OKX,0,0,Public,Heavy Rain, , ,3,SSE,3,WNW,BROOKLYN,09/01/2021,2300,40.6838,-73.978,40.6656,-73.992,"Significant flooding was reported in Park Slope, Brooklyn with at least 2-4 feet of flowing water on the road. Several cars were stranded.","Extremely heavy rainfall associated with the remnants of Hurricane Ida overspread southeast New York during the evening of September 1 and continued through the early morning hours of September 2. Rainfall totals ranged from 5-8 inches across much of the region, with much of that rain falling in just a few hours. The ASOS at Central Park recorded 7.19 inches of rain, including 3.15 inches in a single hour between approximately 9:00-10:00pm. This resulted in widespread catastrophic flash flooding across New York City that resulted in extensive road and subway closures and numerous water rescues. Additional rainfall totals from around the region include 7.38 inches at a New York Mesonet station in Fordham in the Bronx, a report of 7.00 inches from a CoCoRaHS observer in Boerum Hill, Brooklyn, 6.90 inches from the ASOS at LaGuardia Airport, a spotter report of 6.18 inches in Monroe, a spotter report of 8.09 inches in Scarsdale, and a CoCoRaHS report of 6.72 inches in Locust Valley. Ultimately 17 people died as a result of the flash flooding, including 13 in New York City and 4 in the Lower Hudson Valley.",346
987575,BRONX CO.,WILLIAMS BRIDGE,09/01/2021,2356,Flash Flood, , ,0,0,0,0,NY,EST-5, ,163555,C,5,OKX,0,0,Department of Highways,Heavy Rain, , ,1,WNW,1,WNW,WILLIAMS BRIDGE,09/02/2021,153,40.8852,-73.8971,40.8857,-73.8978,All lanes were closed due to flooding on the Major Deegan Expressway (I-87) northbound at Van Cortlandt Park South (Exit 11).,"Extremely heavy rainfall associated with the remnants of Hurricane Ida overspread southeast New York during the evening of September 1 and continued through the early morning hours of September 2. Rainfall totals ranged from 5-8 inches across much of the region, with much of that rain falling in just a few hours. The ASOS at Central Park recorded 7.19 inches of rain, including 3.15 inches in a single hour between approximately 9:00-10:00pm. This resulted in widespread catastrophic flash flooding across New York City that resulted in extensive road and subway closures and numerous water rescues. Additional rainfall totals from around the region include 7.38 inches at a New York Mesonet station in Fordham in the Bronx, a report of 7.00 inches from a CoCoRaHS observer in Boerum Hill, Brooklyn, 6.90 inches from the ASOS at LaGuardia Airport, a spotter report of 6.18 inches in Monroe, a spotter report of 8.09 inches in Scarsdale, and a CoCoRaHS report of 6.72 inches in Locust Valley. Ultimately 17 people died as a result of the flash flooding, including 13 in New York City and 4 in the Lower Hudson Valley.",347
987569,RICHMOND CO.,RICHMOND,09/02/2021,2,Flash Flood, , ,0,0,0,0,NY,EST-5, ,163555,C,85,OKX,0,0,Department of Highways,Heavy Rain, , ,1,W,1,W,RICHMOND,09/02/2021,153,40.572,-74.1906,40.5715,-74.1897,Flooding was reported on NY 440 southbound ramp to Arden Avenue in Fresh Kills. All lanes were closed.,"Extremely heavy rainfall associated with the remnants of Hurricane Ida overspread southeast New York during the evening of September 1 and continued through the early morning hours of September 2. Rainfall totals ranged from 5-8 inches across much of the region, with much of that rain falling in just a few hours. The ASOS at Central Park recorded 7.19 inches of rain, including 3.15 inches in a single hour between approximately 9:00-10:00pm. This resulted in widespread catastrophic flash flooding across New York City that resulted in extensive road and subway closures and numerous water rescues. Additional rainfall totals from around the region include 7.38 inches at a New York Mesonet station in Fordham in the Bronx, a report of 7.00 inches from a CoCoRaHS observer in Boerum Hill, Brooklyn, 6.90 inches from the ASOS at LaGuardia Airport, a spotter report of 6.18 inches in Monroe, a spotter report of 8.09 inches in Scarsdale, and a CoCoRaHS report of 6.72 inches in Locust Valley. Ultimately 17 people died as a result of the flash flooding, including 13 in New York City and 4 in the Lower Hudson Valley.",348
987567,BRONX CO.,WILLIAMS BRIDGE,09/02/2021,6,Flash Flood, , ,0,0,0,0,NY,EST-5, ,163555,C,5,OKX,0,0,Department of Highways,Heavy Rain, , ,1,E,1,E,WILLIAMS BRIDGE,09/02/2021,153,40.8807,-73.8699,40.8805,-73.8686,The Bronx River Parkway was flooded southbound at East Gun Hill Road in Fordham. All lanes were blocked.,"Extremely heavy rainfall associated with the remnants of Hurricane Ida overspread southeast New York during the evening of September 1 and continued through the early morning hours of September 2. Rainfall totals ranged from 5-8 inches across much of the region, with much of that rain falling in just a few hours. The ASOS at Central Park recorded 7.19 inches of rain, including 3.15 inches in a single hour between approximately 9:00-10:00pm. This resulted in widespread catastrophic flash flooding across New York City that resulted in extensive road and subway closures and numerous water rescues. Additional rainfall totals from around the region include 7.38 inches at a New York Mesonet station in Fordham in the Bronx, a report of 7.00 inches from a CoCoRaHS observer in Boerum Hill, Brooklyn, 6.90 inches from the ASOS at LaGuardia Airport, a spotter report of 6.18 inches in Monroe, a spotter report of 8.09 inches in Scarsdale, and a CoCoRaHS report of 6.72 inches in Locust Valley. Ultimately 17 people died as a result of the flash flooding, including 13 in New York City and 4 in the Lower Hudson Valley.",349
987571,NEW YORK CO.,NEW YORK,09/02/2021,135,Flash Flood, , ,0,0,0,0,NY,EST-5, ,163555,C,61,OKX,0,0,Department of Highways,Heavy Rain, , ,2,N,2,N,NEW YORK,09/02/2021,153,40.7585,-74,40.7591,-73.9995,Flooding was reported on the eastbound ramp from the center tube of the Lincoln Tunnel to 36th Street in Greenwich Village. All lanes were closed.,"Extremely heavy rainfall associated with the remnants of Hurricane Ida overspread southeast New York during the evening of September 1 and continued through the early morning hours of September 2. Rainfall totals ranged from 5-8 inches across much of the region, with much of that rain falling in just a few hours. The ASOS at Central Park recorded 7.19 inches of rain, including 3.15 inches in a single hour between approximately 9:00-10:00pm. This resulted in widespread catastrophic flash flooding across New York City that resulted in extensive road and subway closures and numerous water rescues. Additional rainfall totals from around the region include 7.38 inches at a New York Mesonet station in Fordham in the Bronx, a report of 7.00 inches from a CoCoRaHS observer in Boerum Hill, Brooklyn, 6.90 inches from the ASOS at LaGuardia Airport, a spotter report of 6.18 inches in Monroe, a spotter report of 8.09 inches in Scarsdale, and a CoCoRaHS report of 6.72 inches in Locust Valley. Ultimately 17 people died as a result of the flash flooding, including 13 in New York City and 4 in the Lower Hudson Valley.",350
1048803,BRONX CO.,BRONX,07/18/2022,1441,Flash Flood, , ,0,0,0,0,NY,EST-5, ,172759,C,5,OKX,0,0,Department of Highways,Heavy Rain, , ,2,NW,2,SSW,SPUYTEN DUYVIL,07/18/2022,1511,40.85,-73.92,40.851,-73.9328,All lanes blocked on the I-87 Major Deegan Expressway Northbound approaching Exit 8 - West 179th Street.,"Several rounds of heavy thunderstorms developed in the warm sector of a frontal system on July 18th, 2022. These thunderstorms developed in an environment with 2 to 2.3 inch PWAT values and CAPE near 3000 J/kg. Training thunderstorms produced a widespread 1 to 3 inches of rainfall with localized spots up to 4 to 5 inches.",351
1048806,NEW YORK CO.,CENTRAL PARK,07/18/2022,1535,Flash Flood, , ,0,0,0,0,NY,EST-5, ,172759,C,61,OKX,0,0,Broadcast Media,Heavy Rain, , ,6,N,6,NNE,CENTRAL PARK,07/18/2022,1605,40.87,-73.93,40.8642,-73.9221,Widespread street flooding with water above wheel wells of cars on Dyckman St.,"Several rounds of heavy thunderstorms developed in the warm sector of a frontal system on July 18th, 2022. These thunderstorms developed in an environment with 2 to 2.3 inch PWAT values and CAPE near 3000 J/kg. Training thunderstorms produced a widespread 1 to 3 inches of rainfall with localized spots up to 4 to 5 inches.",352
1048807,BRONX CO.,FORDHAM,07/18/2022,1558,Flash Flood, , ,0,0,0,0,NY,EST-5, ,172759,C,5,OKX,0,0,Department of Highways,Heavy Rain, , ,1,WSW,1,NW,WILLIAMS BRIDGE,07/18/2022,1628,40.863,-73.9036,40.8874,-73.8905,Flooding on I-87 Major Deegan Expressway northbound and southbound at West 231st Street.,"Several rounds of heavy thunderstorms developed in the warm sector of a frontal system on July 18th, 2022. These thunderstorms developed in an environment with 2 to 2.3 inch PWAT values and CAPE near 3000 J/kg. Training thunderstorms produced a widespread 1 to 3 inches of rainfall with localized spots up to 4 to 5 inches.",353
1057234,QUEENS CO.,CORONA,09/13/2022,400,Flash Flood, , ,0,0,0,0,NY,EST-5, ,174370,C,81,OKX,0,0,Public,Heavy Rain, , ,1,SW,1,SSW,CORONA,09/13/2022,430,40.7376,-73.8853,40.7358,-73.8773,Widespread flooding on Queens Blvd in Elmhurst.,A batch of moderate rainfall with embedded heavy thunderstorms moved through the area on September 13th bringing flash flooding to the New York City metro area. These thunderstorms developed ahead of a cold front with a low pressure developing overhead in an extremely moisture environment that had precipitable water values of 1.8-2. These thunderstorms dropped between 1 and 3 inches of rainfall in a several hour period resulting in flash flooding.,354
1057235,QUEENS CO.,FRESH POND,09/13/2022,402,Flash Flood, , ,0,0,0,0,NY,EST-5, ,174370,C,81,OKX,0,0,Trained Spotter,Heavy Rain, , ,1,NE,1,ENE,FRESH POND,09/13/2022,1432,40.73,-73.91,40.7268,-73.9025,LIE Eastbound near 60th street in Queens NY all lanes closed due to flooding.,A batch of moderate rainfall with embedded heavy thunderstorms moved through the area on September 13th bringing flash flooding to the New York City metro area. These thunderstorms developed ahead of a cold front with a low pressure developing overhead in an extremely moisture environment that had precipitable water values of 1.8-2. These thunderstorms dropped between 1 and 3 inches of rainfall in a several hour period resulting in flash flooding.,355
1057236,QUEENS CO.,BAYSIDE,09/13/2022,428,Flash Flood, , ,0,0,0,0,NY,EST-5, ,174370,C,81,OKX,0,0,Department of Highways,Heavy Rain, , ,1,N,0,NNE,BAYSIDE,09/13/2022,458,40.76,-73.78,40.7548,-73.7773,Flooding on I-295 Northbound by Northern Blvd. All lanes closed.,A batch of moderate rainfall with embedded heavy thunderstorms moved through the area on September 13th bringing flash flooding to the New York City metro area. These thunderstorms developed ahead of a cold front with a low pressure developing overhead in an extremely moisture environment that had precipitable water values of 1.8-2. These thunderstorms dropped between 1 and 3 inches of rainfall in a several hour period resulting in flash flooding.,356
1057237,QUEENS CO.,LITTLE NECK,09/13/2022,520,Flash Flood, , ,0,0,0,0,NY,EST-5, ,174370,C,81,OKX,0,0,Public,Heavy Rain, , ,1,WNW,2,NW,LITTLE NECK,09/13/2022,550,40.78,-73.77,40.7874,-73.7777,Cross Island Parkway closed due to flooding.,A batch of moderate rainfall with embedded heavy thunderstorms moved through the area on September 13th bringing flash flooding to the New York City metro area. These thunderstorms developed ahead of a cold front with a low pressure developing overhead in an extremely moisture environment that had precipitable water values of 1.8-2. These thunderstorms dropped between 1 and 3 inches of rainfall in a several hour period resulting in flash flooding.,357
1092300,QUEENS CO.,FLUSHING ARPT,04/30/2023,1755,Flash Flood, , ,0,0,0,0,NY,EST-5, ,179339,C,81,OKX,0,0,Trained Spotter,Heavy Rain, , ,2,ENE,2,ENE,FLUSHING ARPT,04/30/2023,1825,40.7891,-73.7829,40.7903,-73.7824,People stranded in vehicles on Cross Island Parkway and Bell Blvd.,Already saturated grounds from 1-3 inches of rain the previous days set the stage for a localized flash flooding event to unfold on April 30th when an additional 2-3 inches of rainfall fell over a period of several hours. A mesoscale moderate to locally heavy rain band with rainfall rates of 0.5 to 1 per hour set up over the NYC metro area during the afternoon of April 30th when a low pressure system was developing to the south of the area.,358
1092301,QUEENS CO.,BAYSIDE,04/30/2023,1850,Flash Flood, , ,0,0,0,0,NY,EST-5, ,179339,C,81,OKX,0,0,Public,Heavy Rain, , ,1,SW,1,SSW,BAYSIDE,04/30/2023,1920,40.7418,-73.7894,40.7429,-73.7855,Two vehicles stranded on the Long Island Expressway at 188 St.,Already saturated grounds from 1-3 inches of rain the previous days set the stage for a localized flash flooding event to unfold on April 30th when an additional 2-3 inches of rainfall fell over a period of several hours. A mesoscale moderate to locally heavy rain band with rainfall rates of 0.5 to 1 per hour set up over the NYC metro area during the afternoon of April 30th when a low pressure system was developing to the south of the area.,359
1122703,QUEENS CO.,LITTLE NECK,07/16/2023,1206,Flash Flood, , ,0,0,0,0,NY,EST-5, ,183670,C,81,OKX,0,0,Law Enforcement,Heavy Rain, , ,1,SW,1,SSW,LITTLE NECK,07/16/2023,1236,40.76,-73.76,40.7634,-73.7553,Portion of the Cross island Parkway near Northern Blvd closed due to flooding.,A stationary front near the area forced torrential thunderstorms in a tropical airmass resulting in widespread flash flooding in NY. The first round of thunderstorms occurred early in the morning on July 16th. Another round of thunderstorms occurred later in the afternoon. The tropical airmass had CAPE values 1500 - 2000 J/kg with PWATs 2.2-2.4 inches. The torrential thunderstorms produced rainfall rates as much as 3 inches an hour. Rainfall amounts totaled a widespread 2-4 inches across Long Island with localized spots seeing as much as 5 inches of rain.,360
1135742,KINGS CO.,CONEY IS,09/29/2023,730,Flash Flood, , ,0,0,0,0,NY,EST-5, ,185266,C,47,OKX,0,0,Public,Heavy Rain, , ,1,NW,0,NNW,CONEY IS,09/29/2023,800,40.59,-73.99,40.5846,-73.9838,Vehicle stranded in flood waters at the intersection of Belt Parkway and Cropsey Avenue. Belt Parkway is closed in both directions.,"An inverted trough extending from a low pressure system over the Western Atlantic provided a focus for persistent heavy convective rain to continually develop over the NYC metro and surrounding areas during much of the day on September 29th, 2023. In an environment with anomalously high moisture given the time of year, PWATs near 1.5-1.7 inches, rounds of heavy rainfall fell over the same areas for more than 12-18 hours. While the rainfall rates were generally 1 inch per hour or less, the persistence in the heavier rainfall resulted in a widespread total of 4-6 inches of rain with JFK receiving almost 9 inches of rain from the event. There were some brief periods of time where rainfall rates peaked at near 2 inches per hour. This resulted in widespread flash flooding across Southeast NY and Southern Connecticut.",361
1135743,KINGS CO.,CONEY IS,09/29/2023,735,Flash Flood, , ,0,0,0,0,NY,EST-5, ,185266,C,47,OKX,0,0,Public,Heavy Rain, , ,1,N,2,N,CONEY IS,09/29/2023,805,40.6,-73.98,40.6018,-73.9786,David A Boody School is flooded and being evacuated.,"An inverted trough extending from a low pressure system over the Western Atlantic provided a focus for persistent heavy convective rain to continually develop over the NYC metro and surrounding areas during much of the day on September 29th, 2023. In an environment with anomalously high moisture given the time of year, PWATs near 1.5-1.7 inches, rounds of heavy rainfall fell over the same areas for more than 12-18 hours. While the rainfall rates were generally 1 inch per hour or less, the persistence in the heavier rainfall resulted in a widespread total of 4-6 inches of rain with JFK receiving almost 9 inches of rain from the event. There were some brief periods of time where rainfall rates peaked at near 2 inches per hour. This resulted in widespread flash flooding across Southeast NY and Southern Connecticut.",362
1135745,KINGS CO.,BROOKLYN,09/29/2023,738,Flash Flood, , ,0,0,0,0,NY,EST-5, ,185266,C,47,OKX,0,0,Broadcast Media,Heavy Rain, , ,3,W,2,W,BROOKLYN,09/29/2023,808,40.65,-73.98,40.6488,-73.974,Car stranded in flood waters at the intersection of Prospect Avenue and Caton Avenue.,"An inverted trough extending from a low pressure system over the Western Atlantic provided a focus for persistent heavy convective rain to continually develop over the NYC metro and surrounding areas during much of the day on September 29th, 2023. In an environment with anomalously high moisture given the time of year, PWATs near 1.5-1.7 inches, rounds of heavy rainfall fell over the same areas for more than 12-18 hours. While the rainfall rates were generally 1 inch per hour or less, the persistence in the heavier rainfall resulted in a widespread total of 4-6 inches of rain with JFK receiving almost 9 inches of rain from the event. There were some brief periods of time where rainfall rates peaked at near 2 inches per hour. This resulted in widespread flash flooding across Southeast NY and Southern Connecticut.",363
1135746,KINGS CO.,BROOKLYN,09/29/2023,743,Flash Flood, , ,0,0,0,0,NY,EST-5, ,185266,C,47,OKX,0,0,Broadcast Media,Heavy Rain, , ,3,W,2,W,BROOKLYN,09/29/2023,813,40.65,-73.98,40.6489,-73.9746,Multiple cars stranded in flood waters at the intersection of Prospect Expressway and Caton Avenue.,"An inverted trough extending from a low pressure system over the Western Atlantic provided a focus for persistent heavy convective rain to continually develop over the NYC metro and surrounding areas during much of the day on September 29th, 2023. In an environment with anomalously high moisture given the time of year, PWATs near 1.5-1.7 inches, rounds of heavy rainfall fell over the same areas for more than 12-18 hours. While the rainfall rates were generally 1 inch per hour or less, the persistence in the heavier rainfall resulted in a widespread total of 4-6 inches of rain with JFK receiving almost 9 inches of rain from the event. There were some brief periods of time where rainfall rates peaked at near 2 inches per hour. This resulted in widespread flash flooding across Southeast NY and Southern Connecticut.",364
1135748,QUEENS CO.,CORONA,09/29/2023,802,Flash Flood, , ,0,0,0,0,NY,EST-5, ,185266,C,81,OKX,0,0,Department of Highways,Heavy Rain, , ,1,NNW,1,N,CORONA,09/29/2023,832,40.7682,-73.8772,40.7687,-73.8669,DOT reports flooding on runway drive both directions. 94th Street to Marine Terminal Road. All lanes closed and detoured.,"An inverted trough extending from a low pressure system over the Western Atlantic provided a focus for persistent heavy convective rain to continually develop over the NYC metro and surrounding areas during much of the day on September 29th, 2023. In an environment with anomalously high moisture given the time of year, PWATs near 1.5-1.7 inches, rounds of heavy rainfall fell over the same areas for more than 12-18 hours. While the rainfall rates were generally 1 inch per hour or less, the persistence in the heavier rainfall resulted in a widespread total of 4-6 inches of rain with JFK receiving almost 9 inches of rain from the event. There were some brief periods of time where rainfall rates peaked at near 2 inches per hour. This resulted in widespread flash flooding across Southeast NY and Southern Connecticut.",365
1135749,QUEENS CO.,FOREST HILLS,09/29/2023,805,Flash Flood, , ,0,0,0,0,NY,EST-5, ,185266,C,81,OKX,0,0,Other Federal Agency,Heavy Rain, , ,2,SW,1,WSW,COLLEGE PT,09/29/2023,835,40.78,-73.87,40.7729,-73.8569,FAA reports LGA Airport fuel farm flooded and unusable.,"An inverted trough extending from a low pressure system over the Western Atlantic provided a focus for persistent heavy convective rain to continually develop over the NYC metro and surrounding areas during much of the day on September 29th, 2023. In an environment with anomalously high moisture given the time of year, PWATs near 1.5-1.7 inches, rounds of heavy rainfall fell over the same areas for more than 12-18 hours. While the rainfall rates were generally 1 inch per hour or less, the persistence in the heavier rainfall resulted in a widespread total of 4-6 inches of rain with JFK receiving almost 9 inches of rain from the event. There were some brief periods of time where rainfall rates peaked at near 2 inches per hour. This resulted in widespread flash flooding across Southeast NY and Southern Connecticut.",366
1135750,KINGS CO.,BROOKLYN,09/29/2023,815,Flash Flood, , ,0,0,0,0,NY,EST-5, ,185266,C,47,OKX,0,0,Broadcast Media,Heavy Rain, , ,3,W,2,W,BROOKLYN,09/29/2023,845,40.65,-73.98,40.6509,-73.9743,Water rescues on Prospect expressway at Caton Avenue. Fire department responding.,"An inverted trough extending from a low pressure system over the Western Atlantic provided a focus for persistent heavy convective rain to continually develop over the NYC metro and surrounding areas during much of the day on September 29th, 2023. In an environment with anomalously high moisture given the time of year, PWATs near 1.5-1.7 inches, rounds of heavy rainfall fell over the same areas for more than 12-18 hours. While the rainfall rates were generally 1 inch per hour or less, the persistence in the heavier rainfall resulted in a widespread total of 4-6 inches of rain with JFK receiving almost 9 inches of rain from the event. There were some brief periods of time where rainfall rates peaked at near 2 inches per hour. This resulted in widespread flash flooding across Southeast NY and Southern Connecticut.",367
1135751,KINGS CO.,BROOKLYN,09/29/2023,830,Flash Flood, , ,0,0,0,0,NY,EST-5, ,185266,C,47,OKX,0,0,NWS Employee,Heavy Rain, , ,3,W,3,WNW,BROOKLYN,09/29/2023,900,40.65,-73.98,40.6595,-73.982,Multiple car stranded with water up to the windows on Prospect Expressway at Exit 5.,"An inverted trough extending from a low pressure system over the Western Atlantic provided a focus for persistent heavy convective rain to continually develop over the NYC metro and surrounding areas during much of the day on September 29th, 2023. In an environment with anomalously high moisture given the time of year, PWATs near 1.5-1.7 inches, rounds of heavy rainfall fell over the same areas for more than 12-18 hours. While the rainfall rates were generally 1 inch per hour or less, the persistence in the heavier rainfall resulted in a widespread total of 4-6 inches of rain with JFK receiving almost 9 inches of rain from the event. There were some brief periods of time where rainfall rates peaked at near 2 inches per hour. This resulted in widespread flash flooding across Southeast NY and Southern Connecticut.",368
1135753,QUEENS CO.,CORONA,09/29/2023,834,Flash Flood, , ,0,0,0,0,NY,EST-5, ,185266,C,81,OKX,0,0,NWS Employee,Heavy Rain, , ,1,NNW,2,N,CORONA,09/29/2023,904,40.77,-73.88,40.7723,-73.8728,Runway Drive between Marine Terminal Road and 94th Street closed due to flooding.,"An inverted trough extending from a low pressure system over the Western Atlantic provided a focus for persistent heavy convective rain to continually develop over the NYC metro and surrounding areas during much of the day on September 29th, 2023. In an environment with anomalously high moisture given the time of year, PWATs near 1.5-1.7 inches, rounds of heavy rainfall fell over the same areas for more than 12-18 hours. While the rainfall rates were generally 1 inch per hour or less, the persistence in the heavier rainfall resulted in a widespread total of 4-6 inches of rain with JFK receiving almost 9 inches of rain from the event. There were some brief periods of time where rainfall rates peaked at near 2 inches per hour. This resulted in widespread flash flooding across Southeast NY and Southern Connecticut.",369
1135761,BRONX CO.,HARLEM RIVER,09/29/2023,854,Flash Flood, , ,0,0,0,0,NY,EST-5, ,185266,C,5,OKX,0,0,AWSS,Heavy Rain, , ,1,ENE,1,ENE,HARLEM RIVER,09/29/2023,924,40.8094,-73.8958,40.8072,-73.9036,Six line NYC Subway service suspended in the Bronx Due to heavy flooding at several subway stations.,"An inverted trough extending from a low pressure system over the Western Atlantic provided a focus for persistent heavy convective rain to continually develop over the NYC metro and surrounding areas during much of the day on September 29th, 2023. In an environment with anomalously high moisture given the time of year, PWATs near 1.5-1.7 inches, rounds of heavy rainfall fell over the same areas for more than 12-18 hours. While the rainfall rates were generally 1 inch per hour or less, the persistence in the heavier rainfall resulted in a widespread total of 4-6 inches of rain with JFK receiving almost 9 inches of rain from the event. There were some brief periods of time where rainfall rates peaked at near 2 inches per hour. This resulted in widespread flash flooding across Southeast NY and Southern Connecticut.",370
1135763,QUEENS CO.,CORONA,09/29/2023,900,Flash Flood, , ,0,0,0,0,NY,EST-5, ,185266,C,81,OKX,0,0,Emergency Manager,Heavy Rain, , ,1,NNW,1,NNW,CORONA,09/29/2023,930,40.77,-73.88,40.7664,-73.8799,All westbound lanes closed on the Grand Central Parkway at 86th street.,"An inverted trough extending from a low pressure system over the Western Atlantic provided a focus for persistent heavy convective rain to continually develop over the NYC metro and surrounding areas during much of the day on September 29th, 2023. In an environment with anomalously high moisture given the time of year, PWATs near 1.5-1.7 inches, rounds of heavy rainfall fell over the same areas for more than 12-18 hours. While the rainfall rates were generally 1 inch per hour or less, the persistence in the heavier rainfall resulted in a widespread total of 4-6 inches of rain with JFK receiving almost 9 inches of rain from the event. There were some brief periods of time where rainfall rates peaked at near 2 inches per hour. This resulted in widespread flash flooding across Southeast NY and Southern Connecticut.",371
1135766,QUEENS CO.,CORONA,09/29/2023,904,Flash Flood, , ,0,0,0,0,NY,EST-5, ,185266,C,81,OKX,0,0,Emergency Manager,Heavy Rain, , ,2,NW,2,NNW,CORONA,09/29/2023,934,40.77,-73.89,40.7787,-73.8831,LaGuardia Terminal A closed due to flooding inside the building from heavy rain.,"An inverted trough extending from a low pressure system over the Western Atlantic provided a focus for persistent heavy convective rain to continually develop over the NYC metro and surrounding areas during much of the day on September 29th, 2023. In an environment with anomalously high moisture given the time of year, PWATs near 1.5-1.7 inches, rounds of heavy rainfall fell over the same areas for more than 12-18 hours. While the rainfall rates were generally 1 inch per hour or less, the persistence in the heavier rainfall resulted in a widespread total of 4-6 inches of rain with JFK receiving almost 9 inches of rain from the event. There were some brief periods of time where rainfall rates peaked at near 2 inches per hour. This resulted in widespread flash flooding across Southeast NY and Southern Connecticut.",372
1135768,KINGS CO.,NEW YORK,09/29/2023,915,Flash Flood, , ,0,0,0,0,NY,EST-5, ,185266,C,47,OKX,0,0,Emergency Manager,Heavy Rain, , ,3,ESE,3,ESE,NEW YORK,09/29/2023,945,40.71,-73.96,40.717,-73.9514,All lanes of I-278 at Grand Street East and West bound are blocked due to flooding.,"An inverted trough extending from a low pressure system over the Western Atlantic provided a focus for persistent heavy convective rain to continually develop over the NYC metro and surrounding areas during much of the day on September 29th, 2023. In an environment with anomalously high moisture given the time of year, PWATs near 1.5-1.7 inches, rounds of heavy rainfall fell over the same areas for more than 12-18 hours. While the rainfall rates were generally 1 inch per hour or less, the persistence in the heavier rainfall resulted in a widespread total of 4-6 inches of rain with JFK receiving almost 9 inches of rain from the event. There were some brief periods of time where rainfall rates peaked at near 2 inches per hour. This resulted in widespread flash flooding across Southeast NY and Southern Connecticut.",373
1135769,QUEENS CO.,CORONA,09/29/2023,915,Flash Flood, , ,0,0,0,0,NY,EST-5, ,185266,C,81,OKX,0,0,Emergency Manager,Heavy Rain, , ,2,NW,2,NNW,CORONA,09/29/2023,945,40.77,-73.89,40.772,-73.8786,All lanes blocked due to flooding on the Grand Central Parkway westbound at 86th Street.,"An inverted trough extending from a low pressure system over the Western Atlantic provided a focus for persistent heavy convective rain to continually develop over the NYC metro and surrounding areas during much of the day on September 29th, 2023. In an environment with anomalously high moisture given the time of year, PWATs near 1.5-1.7 inches, rounds of heavy rainfall fell over the same areas for more than 12-18 hours. While the rainfall rates were generally 1 inch per hour or less, the persistence in the heavier rainfall resulted in a widespread total of 4-6 inches of rain with JFK receiving almost 9 inches of rain from the event. There were some brief periods of time where rainfall rates peaked at near 2 inches per hour. This resulted in widespread flash flooding across Southeast NY and Southern Connecticut.",374
1135770,QUEENS CO.,LITTLE NECK,09/29/2023,915,Flash Flood, , ,0,0,0,0,NY,EST-5, ,185266,C,81,OKX,0,0,Emergency Manager,Heavy Rain, , ,2,NW,2,NW,LITTLE NECK,09/29/2023,945,40.79,-73.78,40.7872,-73.7781,Cross Island Parkway Ramp for northbound traffic closed due to flooding.,"An inverted trough extending from a low pressure system over the Western Atlantic provided a focus for persistent heavy convective rain to continually develop over the NYC metro and surrounding areas during much of the day on September 29th, 2023. In an environment with anomalously high moisture given the time of year, PWATs near 1.5-1.7 inches, rounds of heavy rainfall fell over the same areas for more than 12-18 hours. While the rainfall rates were generally 1 inch per hour or less, the persistence in the heavier rainfall resulted in a widespread total of 4-6 inches of rain with JFK receiving almost 9 inches of rain from the event. There were some brief periods of time where rainfall rates peaked at near 2 inches per hour. This resulted in widespread flash flooding across Southeast NY and Southern Connecticut.",375
1212525,BRONX CO.,NEW YORK NORTHERN,08/06/2024,1640,Flash Flood, , ,0,0,0,0,NY,EST-5, ,196023,C,5,OKX,0,0,Broadcast Media,Heavy Rain, , ,1,S,1,E,WESTCHESTER,08/06/2024,1710,40.83,-73.85,40.8305,-73.8545,Cross Bronx Expressway at Castle Hill Road submerged in up to a foot of water.,Several rounds of heavy thunderstorms developed over the area on the afternoon of August 6th. A slow moving frontal system stalled out over the area. PWATs of 2-2.2 inches and a sharp gradient of MUCAPE peaking out over the area near 2500 J/kg allowed for the development of strong thunderstorms producing torrential rainfall with rates upwards of 1.5-2.5 inches per hour. Total rainfall was 1-3 inches with localized amount up to 4-5 inches.,376
1212534,BRONX CO.,SPUYTEN DUYVIL,08/06/2024,1647,Flash Flood, , ,0,0,0,0,NY,EST-5, ,196023,C,5,OKX,0,0,Broadcast Media,Heavy Rain, , ,1,NE,1,NE,SPUYTEN DUYVIL,08/06/2024,1717,40.89,-73.91,40.8902,-73.9078,Car stalled in flood waters on the Henry Hudson Parkway under the West 246th Street underpass.,Several rounds of heavy thunderstorms developed over the area on the afternoon of August 6th. A slow moving frontal system stalled out over the area. PWATs of 2-2.2 inches and a sharp gradient of MUCAPE peaking out over the area near 2500 J/kg allowed for the development of strong thunderstorms producing torrential rainfall with rates upwards of 1.5-2.5 inches per hour. Total rainfall was 1-3 inches with localized amount up to 4-5 inches.,377
1212541,QUEENS CO.,LITTLE NECK,08/06/2024,1755,Flash Flood, , ,0,0,0,0,NY,EST-5, ,196023,C,81,OKX,0,0,Department of Highways,Heavy Rain, , ,2,NW,2,NW,LITTLE NECK,08/06/2024,1800,40.79,-73.78,40.7889,-73.7783,Flooding on the Cross Island Parkway Exit 33 Ramp to the Clearview Expressway with all lanes blocked.,Several rounds of heavy thunderstorms developed over the area on the afternoon of August 6th. A slow moving frontal system stalled out over the area. PWATs of 2-2.2 inches and a sharp gradient of MUCAPE peaking out over the area near 2500 J/kg allowed for the development of strong thunderstorms producing torrential rainfall with rates upwards of 1.5-2.5 inches per hour. Total rainfall was 1-3 inches with localized amount up to 4-5 inches.,378
1283158,BRONX CO.,BRONX,07/14/2025,1857,Flash Flood, , ,0,0,0,0,NY,EST-5, ,205599,C,5,OKX,0,0,Department of Highways,Heavy Rain, , ,1,NW,1,NW,BRONX,07/14/2025,1927,40.8457,-73.9153,40.8445,-73.9147,"Cross Bronx Expressway at Jerome Avenue closed in both directions due to flooding.","A weak front approached from the west along with PW of 2 inches resulting in heavy rainfall across the area. 4 to 6.5 inches of rainfall totals were reported with rainfall rates between 1 to 2 inches.",1
1283159,BRONX CO.,HARLEM RIVER,07/14/2025,1915,Flash Flood, , ,0,0,0,0,NY,EST-5, ,205599,C,5,OKX,0,0,Department of Highways,Heavy Rain, , ,1,NW,1,SW,MOTT HAVEN JCT,07/14/2025,1945,40.8098,-73.9305,40.8101,-73.9298,"Northbound lanes of the Major Deegan Expressway at E.138th street are closed due  to flooding. NYPD is detouring all traffic  off at the E. 138th street exit.","A weak front approached from the west along with PW of 2 inches resulting in heavy rainfall across the area. 4 to 6.5 inches of rainfall totals were reported with rainfall rates between 1 to 2 inches.",2
1283162,QUEENS CO.,SPRINGFIELD GARDENS,07/14/2025,1958,Flash Flood, , ,0,0,0,0,NY,EST-5, ,205599,C,81,OKX,0,0,Department of Highways,Heavy Rain, , ,2,WSW,2,WSW,SPRINGFIELD GARDENS,07/14/2025,2028,40.6742,-73.8022,40.6741,-73.8006,"Right 2 lanes of Southbound I-678 Van Wyck Expressway at Alwick Road impassable due to flooding.","A weak front approached from the west along with PW of 2 inches resulting in heavy rainfall across the area. 4 to 6.5 inches of rainfall totals were reported with rainfall rates between 1 to 2 inches.",3
1284627,QUEENS CO.,BAYSIDE,07/31/2025,1358,Flash Flood, , ,0,0,0,0,NY,EST-5, ,205836,C,81,OKX,0,0,Department of Highways,Heavy Rain, , ,1,N,1,NNE,BAYSIDE,07/31/2025,1428,40.76,-73.78,40.7611,-73.7771,"Flooding on I-295 both directions at Northern Boulevard.","A slow moving frontal boundary moved over the local area triggering heavy rainfall and thunderstorms across NJ and NYC causing flash flooding across the area resulting in vehicles being stranded and multiple road closures.",4
1284624,QUEENS CO.,BAYSIDE,07/31/2025,1359,Flash Flood, , ,0,0,0,0,NY,EST-5, ,205836,C,81,OKX,0,0,Department of Highways,Heavy Rain, , ,1,N,1,N,BAYSIDE,07/31/2025,1429,40.7674,-73.7824,40.7678,-73.781,"Flooding on I-295 both directions at 35th Avenue.","A slow moving frontal boundary moved over the local area triggering heavy rainfall and thunderstorms across NJ and NYC causing flash flooding across the area resulting in vehicles being stranded and multiple road closures.",5
1284647,QUEENS CO.,BAYSIDE,07/31/2025,1413,Flash Flood, , ,0,0,0,0,NY,EST-5, ,205836,C,81,OKX,0,0,Emergency Manager,Heavy Rain, , ,1,N,1,N,BAYSIDE,07/31/2025,1443,40.7704,-73.7836,40.7705,-73.7825,"Large truck partially submerged. All lanes of the Clearview Expressway closed.","A slow moving frontal boundary moved over the local area triggering heavy rainfall and thunderstorms across NJ and NYC causing flash flooding across the area resulting in vehicles being stranded and multiple road closures.",6
1284653,QUEENS CO.,FLUSHING ARPT,07/31/2025,1501,Flash Flood, , ,0,0,0,0,NY,EST-5, ,205836,C,81,OKX,0,0,Department of Highways,Heavy Rain, , ,2,ENE,2,ENE,FLUSHING ARPT,07/31/2025,1531,40.79,-73.79,40.7883,-73.7884,"Flooding on I-295 southbound at Belt System  - Cross Island Parkway.","A slow moving frontal boundary moved over the local area triggering heavy rainfall and thunderstorms across NJ and NYC causing flash flooding across the area resulting in vehicles being stranded and multiple road closures.",7
1284654,RICHMOND CO.,ELM PARK,07/31/2025,1506,Flash Flood, , ,0,0,0,0,NY,EST-5, ,205836,C,85,OKX,0,0,Department of Highways,Heavy Rain, , ,1,SSE,1,SSW,PORT RICHMOND,07/31/2025,1536,40.618,-74.1603,40.6175,-74.1595,"Flooding on I-278 eastbound approaching Lambert Street. Closed.","A slow moving frontal boundary moved over the local area triggering heavy rainfall and thunderstorms across NJ and NYC causing flash flooding across the area resulting in vehicles being stranded and multiple road closures.",8
1284670,QUEENS CO.,LITTLE NECK,07/31/2025,1510,Flash Flood, , ,0,0,0,0,NY,EST-5, ,205836,C,81,OKX,0,0,Public,Heavy Rain, , ,1,ESE,1,ESE,LITTLE NECK,07/31/2025,1540,40.7647,-73.7246,40.7648,-73.7239,"Video showing cars stranded in floodwaters on the Little Neck Parkway under the LIE  overpass.","A slow moving frontal boundary moved over the local area triggering heavy rainfall and thunderstorms across NJ and NYC causing flash flooding across the area resulting in vehicles being stranded and multiple road closures.",9
1284672,QUEENS CO.,LITTLE NECK,07/31/2025,1530,Flash Flood, , ,0,0,0,0,NY,EST-5, ,205836,C,81,OKX,0,0,Trained Spotter,Heavy Rain, , ,1,ESE,1,ESE,LITTLE NECK,07/31/2025,1600,40.76,-73.73,40.7604,-73.7297,"Road Closure due to flooding.","A slow moving frontal boundary moved over the local area triggering heavy rainfall and thunderstorms across NJ and NYC causing flash flooding across the area resulting in vehicles being stranded and multiple road closures.",10
1284664,KINGS CO.,BROOKLYN,07/31/2025,1531,Flash Flood, , ,0,0,0,0,NY,EST-5, ,205836,C,47,OKX,0,0,Trained Spotter,Heavy Rain, , ,4,W,4,W,BROOKLYN,07/31/2025,1601,40.6504,-74.0098,40.6503,-74.0096,"Video showing street flooded with up to a foot of water with sewers pushing water onto  the street.","A slow moving frontal boundary moved over the local area triggering heavy rainfall and thunderstorms across NJ and NYC causing flash flooding across the area resulting in vehicles being stranded and multiple road closures.",11
1292859,QUEENS CO.,RICHMOND HILL,08/13/2025,1841,Flash Flood, , ,0,0,0,0,NY,EST-5, ,207212,C,81,OKX,0,0,Trained Spotter,Heavy Rain, , ,1,E,1,E,RICHMOND HILL,08/13/2025,1911,40.7,-73.81,40.699,-73.8093,"Intersection closed due to flooding at Van Wyck Expressway and Archer Avenue.","Thunderstorms moved across Jamaica, Queens resulting in flooding and road closures.",12
1298127,BRONX CO.,SPUYTEN DUYVIL,10/30/2025,1430,Flash Flood, , ,0,0,0,0,NY,EST-5, ,208258,C,5,OKX,0,0,Trained Spotter,Heavy Rain, , ,2,NE,2,NE,SPUYTEN DUYVIL,10/30/2025,1500,40.9,-73.9008,40.8997,-73.9007,"Flooding reported near the Riverdale Country School with a foot and a half to two feet of standing water up to bottom of doors of sedan type cars.","A widespread rainfall of 1.5 to 2.5 inches resulted in flooding as a frontal system triggered thunderstorms across the NYC Metro area.",13
1298135,NEW YORK CO.,CENTRAL PARK,10/30/2025,1431,Flash Flood, , ,0,0,0,0,NY,EST-5, ,208258,C,61,OKX,0,0,Department of Highways,Heavy Rain, , ,5,N,5,NNE,CENTRAL PARK,10/30/2025,1501,40.8471,-73.9351,40.8452,-73.9299,"Flooding on George Washington Bridge eastbound near Trans-Manhattan expressway with all lanes blocked to the Harlem River drive.","A widespread rainfall of 1.5 to 2.5 inches resulted in flooding as a frontal system triggered thunderstorms across the NYC Metro area.",14
1298128,KINGS CO.,BROOKLYN,10/30/2025,1436,Flash Flood, , ,0,0,0,0,NY,EST-5, ,208258,C,47,OKX,0,0,Broadcast Media,Heavy Rain, , ,2,SSW,2,SSW,BROOKLYN,10/30/2025,1506,40.62,-73.95,40.619,-73.9496,"Over a foot of water up to bottom of car doors in Midwood.","A widespread rainfall of 1.5 to 2.5 inches resulted in flooding as a frontal system triggered thunderstorms across the NYC Metro area.",15
1298129,KINGS CO.,NEW YORK,10/30/2025,1450,Flash Flood, , ,0,0,0,0,NY,EST-5, ,208258,C,47,OKX,0,0,Amateur Radio,Heavy Rain, , ,4,S,4,S,NEW YORK,10/30/2025,1520,40.6749,-73.9979,40.6747,-73.998,"Water rescue of occupant in car by FDNY at Smith Street and 9th Street in Brooklyn.","A widespread rainfall of 1.5 to 2.5 inches resulted in flooding as a frontal system triggered thunderstorms across the NYC Metro area.",16
1298130,KINGS CO.,BROOKLYN,10/30/2025,1450,Flash Flood, , ,1,0,0,0,NY,EST-5, ,208258,C,47,OKX,0,0,Broadcast Media,Heavy Rain, , ,1,NW,1,NW,BROOKLYN,10/30/2025,1520,40.6606,-73.9428,40.6607,-73.9424,"High standing water with water levels above tires on some cars with leaf debris in water with of occurrence estimated. One fatality was reported by FDNY as a men entered the basement to save his dog and drowned.","A widespread rainfall of 1.5 to 2.5 inches resulted in flooding as a frontal system triggered thunderstorms across the NYC Metro area.",17
1298133,KINGS CO.,BROOKLYN,10/30/2025,1530,Flash Flood, , ,0,0,0,0,NY,EST-5, ,208258,C,47,OKX,0,0,Trained Spotter,Heavy Rain, , ,1,NW,1,NW,BROOKLYN,10/30/2025,1600,40.6608,-73.943,40.6609,-73.9422,"Basement water rescue along with a stranded vehicle near the intersection of Midwood street and Kingston avenue with Fire Department and ambulance on scene.","A widespread rainfall of 1.5 to 2.5 inches resulted in flooding as a frontal system triggered thunderstorms across the NYC Metro area.",18
1298134,QUEENS CO.,SPRINGFIELD GARDENS,10/30/2025,1616,Flash Flood, , ,0,0,0,0,NY,EST-5, ,208258,C,81,OKX,0,0,Department of Highways,Heavy Rain, , ,2,SW,2,SW,SPRINGFIELD GARDENS,10/30/2025,1646,40.66,-73.79,40.6578,-73.7909,"Flooding on JFK expressway both directions south Cargo road with all lanes blocked.","A widespread rainfall of 1.5 to 2.5 inches resulted in flooding as a frontal system triggered thunderstorms across the NYC Metro area.",19